,SalePrice,GrLivArea,GarageArea,TotalBsmtSF,OverallQual_5,OverallQual_6,OverallQual_7,OverallQual_8,OverallQual_9,OverallQual_Rare,FullBath_2,FullBath_3,FullBath_Rare,TotRmsAbvGrd_3,TotRmsAbvGrd_4,TotRmsAbvGrd_5,TotRmsAbvGrd_6,TotRmsAbvGrd_7,TotRmsAbvGrd_8,TotRmsAbvGrd_9,TotRmsAbvGrd_Rare,OverallQual_3,OverallQual_4,TotRmsAbvGrd_12
930,201000,7.290292882446597,610,1466,0,0,0,1,0,0,1,0,0,0,0,0,0,1,0,0,0,0,0,0
656,145500,6.959398512133975,312,1053,1,0,0,0,0,0,0,0,0,0,0,1,0,0,0,0,0,0,0,0
45,319900,7.468513271496337,576,1752,0,0,0,0,1,0,1,0,0,0,0,0,1,0,0,0,0,0,0,0
1348,215000,7.309212365692763,514,1482,0,0,1,0,0,0,1,0,0,0,0,1,0,0,0,0,0,0,0,0
55,180500,7.261927092702751,576,1425,0,1,0,0,0,0,1,0,0,0,0,0,0,1,0,0,0,0,0,0
963,239000,7.495541943884256,702,1800,0,0,0,0,1,0,1,0,0,0,0,0,0,1,0,0,0,0,0,0
921,145900,7.696212639346407,0,1272,1,0,0,0,0,0,1,0,0,0,0,0,0,0,0,1,0,0,0,0
458,161000,7.418180822726788,228,588,0,0,0,1,0,0,0,0,0,0,0,0,0,1,0,0,0,0,0,0
479,89471,7.030857476116121,672,907,0,0,0,0,0,0,0,0,0,0,0,0,0,1,0,0,0,0,0,0
1244,230000,7.324489979348532,400,792,0,0,0,1,0,0,0,0,0,0,0,0,0,1,0,0,0,0,0,0
613,147000,7.02108396428914,0,1120,1,0,0,0,0,0,0,0,0,0,0,0,1,0,0,0,0,0,0,0
1124,163900,7.301147805856032,392,384,0,0,1,0,0,0,1,0,0,0,0,0,0,1,0,0,0,0,0,0
223,97000,6.761572768804055,576,864,0,0,0,0,0,0,0,0,0,0,1,0,0,0,0,0,0,0,0,0
1233,142000,7.080026499922591,531,1188,1,0,0,0,0,0,0,0,0,0,0,0,1,0,0,0,0,0,0,0
989,197000,7.362645270417825,614,770,0,0,1,0,0,0,1,0,0,0,0,0,1,0,0,0,0,0,0,0
713,129000,6.866933284461882,576,960,0,0,0,0,0,0,0,0,0,0,0,0,1,0,0,0,0,0,0,0
1002,232000,7.3613754289773485,824,1574,0,0,0,1,0,0,1,0,0,0,0,0,0,1,0,0,0,0,0,0
108,115000,7.324489979348532,0,793,1,0,0,0,0,0,1,0,0,0,0,0,0,1,0,0,0,0,0,0
743,175000,7.288927694521257,480,520,1,0,0,0,0,0,1,0,0,0,0,0,1,0,0,0,0,0,0,0
517,265000,7.759614150696903,889,1264,0,0,1,0,0,0,1,0,0,0,0,0,0,1,0,0,0,0,0,0
333,207000,7.213768308118642,484,1358,0,0,1,0,0,0,1,0,0,0,0,0,1,0,0,0,0,0,0,0
1108,181000,7.432483807917119,463,924,0,1,0,0,0,0,1,0,0,0,0,0,0,1,0,0,0,0,0,0
260,176000,7.231287004327616,884,1362,0,1,0,0,0,0,0,0,0,0,0,0,1,0,0,0,0,0,0,0
795,171000,7.355001921105257,476,650,0,1,0,0,0,0,1,0,0,0,0,0,0,1,0,0,0,0,0,0
1042,196000,7.174724309836376,624,1306,0,1,0,0,0,0,1,0,0,0,0,1,0,0,0,0,0,0,0,0
695,176000,7.036148493750536,551,1112,0,1,0,0,0,0,1,0,0,0,0,1,0,0,0,0,0,0,0,0
422,113000,6.895682697747868,520,988,1,0,0,0,0,0,0,0,0,0,1,0,0,0,0,0,0,0,0,0
574,139000,7.011213987350367,288,372,1,0,0,0,0,0,0,0,0,0,0,1,0,0,0,0,0,0,0,0
1102,135000,7.033506484287697,254,1010,1,0,0,0,0,0,0,0,0,0,0,0,1,0,0,0,0,0,0,0
621,240000,7.868636894184167,624,1522,0,1,0,0,0,0,1,0,0,0,0,0,0,0,0,1,0,0,0,0
202,112000,7.177782416195197,398,617,0,1,0,0,0,0,1,0,0,0,0,0,1,0,0,0,0,0,0,0
513,134000,6.984716320118266,484,1084,0,1,0,0,0,0,0,0,0,0,0,1,0,0,0,0,0,0,0,0
568,316600,7.664815785285735,612,1496,0,0,0,1,0,0,0,0,0,0,0,1,0,0,0,0,0,0,0,0
1355,170000,7.560080465021827,487,570,0,0,1,0,0,0,0,1,0,0,0,0,0,0,1,0,0,0,0,0
436,116000,7.0192966537150445,440,648,0,1,0,0,0,0,0,0,0,0,0,0,1,0,0,0,0,0,0,0
27,306000,7.440733707389261,772,1704,0,0,0,1,0,0,1,0,0,0,0,0,0,1,0,0,0,0,0,0
308,82500,6.7580945044277305,539,861,0,0,0,0,0,0,0,0,0,0,1,0,0,0,0,0,0,0,0,0
298,175000,7.463363045520021,539,702,0,1,0,0,0,0,0,0,0,0,0,0,0,1,0,0,0,0,0,0
227,106000,6.894670039433482,280,483,0,1,0,0,0,0,0,0,0,0,0,1,0,0,0,0,0,0,0,0
1021,194000,7.106606137727303,632,1199,0,0,1,0,0,0,1,0,0,0,0,0,1,0,0,0,0,0,0,0
597,194201,7.2456550675945355,648,1258,0,0,1,0,0,0,0,0,1,0,0,0,0,1,0,0,0,0,0,0
1078,155900,6.742880635791903,420,848,0,1,0,0,0,0,0,0,0,1,0,0,0,0,0,0,0,0,0,0
1307,138000,6.897704943128636,480,990,1,0,0,0,0,0,0,0,0,0,0,1,0,0,0,0,0,0,0,0
1273,177000,7.213031659834869,312,1019,0,1,0,0,0,0,0,0,0,0,0,1,0,0,0,0,0,0,0,0
567,214000,7.336285660021297,532,1517,0,0,1,0,0,0,1,0,0,0,0,0,0,1,0,0,0,0,0,0
376,148000,6.81783057145415,576,870,1,0,0,0,0,0,0,0,0,0,0,1,0,0,0,0,0,0,0,0
184,127000,7.132497551660044,576,504,1,0,0,0,0,0,0,0,0,0,0,1,0,0,0,0,0,0,0,0
295,142500,6.910750787961936,588,1003,0,1,0,0,0,0,0,0,0,0,0,0,1,0,0,0,0,0,0,0
1039,80000,6.4457198193855785,286,630,0,0,0,0,0,0,0,0,0,1,0,0,0,0,0,0,0,0,0,0
1225,145000,7.037027614686276,264,588,0,1,0,0,0,0,0,0,0,0,0,0,1,0,0,0,0,0,0,0
1351,171000,7.447751280047908,490,858,0,1,0,0,0,0,0,0,0,0,0,0,0,0,1,0,0,0,0,0
432,122500,7.21890970761906,440,765,1,0,0,0,0,0,0,0,0,0,0,0,1,0,0,0,0,0,0,0
19,139000,7.199678345691172,294,1029,1,0,0,0,0,0,0,0,0,0,0,0,1,0,0,0,0,0,0,0
712,189000,7.113142108707088,472,1228,0,0,0,1,0,0,1,0,0,0,0,1,0,0,0,0,0,0,0,0
268,120500,6.656726524178391,924,740,1,0,0,0,0,0,0,0,0,0,1,0,0,0,0,0,0,0,0,0
464,124000,6.946975992135418,0,1040,1,0,0,0,0,0,1,0,0,0,0,1,0,0,0,0,0,0,0,0
1030,160000,7.564238475170491,0,686,1,0,0,0,0,0,1,0,0,0,0,0,0,0,0,0,0,0,0,0
1083,160000,7.1316985104669115,461,1251,0,1,0,0,0,0,0,0,0,0,0,0,1,0,0,0,0,0,0,0
610,313000,7.674617497364363,736,1440,0,0,0,0,1,0,1,0,0,0,0,0,0,0,1,0,0,0,0,0
1318,275000,7.488293515159428,748,1753,0,0,0,1,0,0,1,0,0,0,0,0,0,1,0,0,0,0,0,0
620,67000,6.761572768804055,0,864,0,0,0,0,0,1,0,0,0,0,0,1,0,0,0,0,0,0,0,0
18,159000,7.01571242048723,576,1114,1,0,0,0,0,0,0,0,0,0,0,0,1,0,0,0,0,0,0,0
474,251000,7.409741954080923,499,1494,0,0,0,1,0,0,1,0,0,0,0,0,1,0,0,0,0,0,0,0
826,109500,6.664409020350408,0,784,1,0,0,0,0,0,0,0,0,0,0,1,0,0,0,0,0,0,0,0
53,385000,7.518607216815252,894,1842,0,0,0,0,1,0,0,0,1,0,0,1,0,0,0,0,0,0,0,0
666,129000,7.77485576666552,596,1021,0,1,0,0,0,0,1,0,0,0,0,0,0,1,0,0,0,0,0,0
632,82500,7.252053951852814,544,1386,0,0,1,0,0,0,1,0,0,0,0,0,1,0,0,0,0,0,0,0
322,301000,7.912056888179006,576,1502,0,0,1,0,0,0,1,0,0,0,0,0,0,0,1,0,0,0,0,0
47,249700,7.412160334945205,826,1656,0,0,0,1,0,0,1,0,0,0,0,0,0,1,0,0,0,0,0,0
434,81000,6.4457198193855785,0,630,0,0,0,0,0,0,0,0,0,1,0,0,0,0,0,0,0,0,0,0
319,187500,7.294377299288821,588,1372,0,0,1,0,0,0,1,0,0,0,0,0,1,0,0,0,0,0,0,0
662,110000,7.238496840894365,576,1392,0,1,0,0,0,0,0,0,0,0,0,1,0,0,0,0,0,0,0,0
986,117000,7.399398083331354,255,485,0,1,0,0,0,0,0,0,0,0,0,1,0,0,0,0,0,0,0,0
1339,128500,6.761572768804055,288,864,1,0,0,0,0,0,0,0,0,0,0,1,0,0,0,0,0,0,0,0
1019,213490,7.317212408359839,440,1362,0,0,1,0,0,0,1,0,0,0,0,0,1,0,0,0,0,0,0,0
554,284000,7.6236419465115715,871,998,0,0,1,0,0,0,1,0,0,0,0,0,0,0,1,0,0,0,0,0
665,230500,7.568379267836522,504,1406,0,0,0,1,0,0,1,0,0,0,0,0,0,1,0,0,0,0,0,0
446,190000,7.543273346705446,578,1517,0,1,0,0,0,0,1,0,0,0,0,0,1,0,0,0,0,0,0,0
899,135000,7.119635638017636,288,912,1,0,0,0,0,0,0,0,0,0,0,0,1,0,0,0,0,0,0,0
858,152000,7.222566018822171,479,1090,0,0,1,0,0,0,1,0,0,0,0,0,1,0,0,0,0,0,0,0
461,155000,7.034387929915503,576,560,0,0,1,0,0,0,0,0,0,0,0,0,1,0,0,0,0,0,0,0
140,115000,6.761572768804055,0,864,0,0,0,0,0,0,0,0,0,0,0,1,0,0,0,0,0,0,0,0
838,144000,7.002155954403621,352,1099,1,0,0,0,0,0,0,0,0,0,0,0,1,0,0,0,0,0,0,0
1057,248000,7.52294091807237,467,973,0,0,1,0,0,0,1,0,0,0,0,0,0,1,0,0,0,0,0,0
1285,132500,7.252762418053187,280,780,0,1,0,0,0,0,0,0,0,0,0,0,1,0,0,0,0,0,0,0
1450,136000,7.491087593534876,0,896,1,0,0,0,0,0,1,0,0,0,0,0,0,0,1,0,0,0,0,0
1114,117000,6.725033642166843,326,833,1,0,0,0,0,0,0,0,0,0,1,0,0,0,0,0,0,0,0,0
347,157500,7.298445101508147,498,1478,0,1,0,0,0,0,1,0,0,0,0,0,1,0,0,0,0,0,0,0
204,110000,7.157735484249907,240,720,1,0,0,0,0,0,0,0,0,0,0,1,0,0,0,0,0,0,0,0
1260,181000,7.423568444259167,502,841,0,1,0,0,0,0,1,0,0,0,0,0,0,1,0,0,0,0,0,0
948,192500,7.4821189235521155,474,936,0,0,1,0,0,0,1,0,0,0,0,0,0,1,0,0,0,0,0,0
2,223500,7.487733761436444,608,920,0,0,1,0,0,0,1,0,0,0,0,0,1,0,0,0,0,0,0,0
1,181500,7.140453043101158,460,1262,0,1,0,0,0,0,1,0,0,0,0,0,1,0,0,0,0,0,0,0
1097,170000,6.992096427415888,461,1074,0,0,0,1,0,0,0,0,0,0,0,1,0,0,0,0,0,0,0,0
1017,187500,7.215239978730097,565,1220,0,0,0,1,0,0,0,0,0,0,1,0,0,0,0,0,0,0,0,0
590,185900,7.366445148327599,520,770,0,0,1,0,0,0,1,0,0,0,0,0,1,0,0,0,0,0,0,0
966,160000,7.176254532017144,256,728,1,0,0,0,0,0,0,0,0,0,0,0,0,1,0,0,0,0,0,0
192,192000,7.266128779556451,666,1431,0,0,1,0,0,0,1,0,0,0,0,0,1,0,0,0,0,0,0,0
580,181900,7.264730177929867,572,1144,0,1,0,0,0,0,0,0,0,0,0,0,0,1,0,0,0,0,0,0
1257,99900,6.761572768804055,0,864,1,0,0,0,0,0,0,0,0,0,1,0,0,0,0,0,0,0,0,0
1217,229456,7.1808311990445555,552,1300,0,0,0,1,0,0,1,0,0,0,0,0,1,0,0,0,0,0,0,0
768,216837,7.515344571180436,484,1860,0,0,1,0,0,0,1,0,0,0,0,0,0,0,1,0,0,0,0,0
241,110500,6.763884908562435,0,686,1,0,0,0,0,0,0,0,0,0,1,0,0,0,0,0,0,0,0,0
1415,175900,7.358193752733032,660,1386,0,0,1,0,0,0,1,0,0,0,0,0,0,1,0,0,0,0,0,0
56,172500,7.461065514354283,480,970,0,0,0,1,0,0,1,0,0,0,0,0,0,1,0,0,0,0,0,0
651,108000,7.31986492980897,296,755,0,0,0,0,0,0,0,0,0,0,0,0,0,1,0,0,0,0,0,0
579,131500,7.492760300922379,352,1050,1,0,0,0,0,0,1,0,0,0,0,0,0,1,0,0,0,0,0,0
644,370878,7.476472381163905,478,1766,0,0,0,0,1,0,1,0,0,0,0,0,0,1,0,0,0,0,0,0
642,345000,7.902487437162855,538,1952,0,0,0,1,0,0,1,0,0,0,0,0,0,0,0,1,0,0,0,0
29,68500,6.253828811575473,240,520,0,0,0,0,0,0,0,0,0,0,1,0,0,0,0,0,0,0,0,0
907,250000,7.6290038896529575,180,1017,0,0,1,0,0,0,0,0,0,0,0,0,1,0,0,0,0,0,0,0
1166,245350,7.434847875211999,776,1694,0,0,0,1,0,0,1,0,0,0,0,0,0,1,0,0,0,0,0,0
1192,125000,7.294377299288821,250,702,1,0,0,0,0,0,0,0,0,0,0,0,1,0,0,0,0,0,0,0
519,234000,7.640123172695364,282,1276,0,0,1,0,0,0,0,0,0,0,0,0,0,0,0,1,0,0,0,0
361,145000,7.316548177182976,240,883,1,0,0,0,0,0,0,0,0,0,0,0,0,0,1,0,0,0,0,0
124,181000,7.368970402194793,435,1362,0,1,0,0,0,0,1,0,0,0,0,0,0,1,0,0,0,0,0,0
198,104000,7.709308333385869,0,755,0,1,0,0,0,0,0,0,0,0,0,0,0,0,1,0,0,0,0,0
787,233000,7.642044402873258,618,956,0,0,1,0,0,0,1,0,0,0,0,0,0,0,1,0,0,0,0,0
1211,164000,7.468513271496337,492,559,0,0,0,1,0,0,1,0,0,0,0,0,0,0,1,0,0,0,0,0
1075,219500,7.461640392208575,240,800,0,0,1,0,0,0,0,0,0,0,0,0,1,0,0,0,0,0,0,0
1237,195000,7.5745584842024805,434,847,0,0,1,0,0,0,1,0,0,0,0,0,0,0,1,0,0,0,0,0
557,108000,7.197435354096591,570,637,0,0,0,0,0,0,0,0,0,0,0,0,0,1,0,0,0,0,0,0
303,149900,6.795705775173514,552,894,1,0,0,0,0,0,0,0,0,0,0,1,0,0,0,0,0,0,0,0
1359,315000,7.590852123688581,770,1980,0,0,0,0,1,0,1,0,0,0,0,0,0,0,1,0,0,0,0,0
1301,177500,7.309212365692763,213,771,0,1,0,0,0,0,0,0,0,0,0,0,0,1,0,0,0,0,0,0
1427,140000,7.351158226430694,288,913,1,0,0,0,0,0,0,0,0,0,0,0,1,0,0,0,0,0,0,0
1402,193879,7.165493475060845,662,1286,0,0,1,0,0,0,1,0,0,0,0,0,1,0,0,0,0,0,0,0
1029,118000,7.1049654482698426,264,672,0,1,0,0,0,0,0,0,0,0,0,0,0,1,0,0,0,0,0,0
326,324000,7.449498005382849,473,1719,0,0,0,1,0,0,0,0,0,0,0,0,1,0,0,0,0,0,0,0
1387,136000,7.8343923029104365,216,714,0,1,0,0,0,0,1,0,0,0,0,0,0,0,0,0,0,0,0,0
1323,82500,6.56244409369372,0,420,0,0,0,0,0,0,0,0,0,0,0,1,0,0,0,0,0,0,0,0
61,101000,7.01301578963963,288,530,1,0,0,0,0,0,0,0,0,0,0,0,1,0,0,0,0,0,0,0
618,314813,7.510977752014095,774,1822,0,0,0,0,1,0,1,0,0,0,0,0,0,0,0,1,0,0,0,0
870,109500,6.795705775173514,308,894,1,0,0,0,0,0,0,0,0,0,0,1,0,0,0,0,0,0,0,0
92,163500,6.871091294610546,432,876,1,0,0,0,0,0,0,0,0,0,0,1,0,0,0,0,0,0,0,0
817,271000,7.4318919168078,857,1568,0,0,0,1,0,0,1,0,0,0,0,0,0,1,0,0,0,0,0,0
302,205000,7.340186835320115,843,1541,0,0,1,0,0,0,1,0,0,0,0,0,1,0,0,0,0,0,0,0
1454,185000,7.107425474110705,400,1221,0,0,1,0,0,0,1,0,0,0,0,0,1,0,0,0,0,0,0,0
40,160000,7.188412736496954,440,1088,0,1,0,0,0,0,1,0,0,0,0,0,1,0,0,0,0,0,0,0
959,155000,7.255591274253665,484,696,0,0,1,0,0,0,1,0,0,0,0,0,1,0,0,0,0,0,0,0
75,91000,6.895682697747868,297,462,0,0,0,0,0,0,0,0,0,0,0,1,0,0,0,0,0,0,0,0
1389,131000,7.1049654482698426,440,735,0,1,0,0,0,0,0,0,0,0,0,0,1,0,0,0,0,0,0,0
1254,165400,7.412160334945205,397,746,0,0,1,0,0,0,1,0,0,0,0,0,0,1,0,0,0,0,0,0
689,194700,7.216709486709457,460,1362,0,1,0,0,0,0,1,0,0,0,0,0,1,0,0,0,0,0,0,0
648,155000,7.516977224604321,442,756,0,1,0,0,0,0,0,0,0,0,0,0,0,1,0,0,0,0,0,0
247,140000,7.226209010100671,451,1367,0,1,0,0,0,0,0,0,0,0,0,1,0,0,0,0,0,0,0,0
1308,147000,7.022868086082641,528,924,1,0,0,0,0,0,0,0,0,0,0,0,1,0,0,0,0,0,0,0
1164,194000,7.266827347520591,588,1360,1,0,0,0,0,0,0,0,0,0,0,1,0,0,0,0,0,0,0,0
708,179540,7.283448228756631,400,728,0,0,1,0,0,0,1,0,0,0,0,0,0,0,1,0,0,0,0,0
186,173000,7.104144092987527,497,1188,0,0,1,0,0,0,1,0,0,0,0,0,1,0,0,0,0,0,0,0
914,173733,7.1098794630722715,528,612,0,1,0,0,0,0,1,0,0,0,1,0,0,0,0,0,0,0,0,0
8,129900,7.480992162869525,468,952,0,0,1,0,0,0,1,0,0,0,0,0,0,0,1,0,0,0,0,0
390,119000,7.220373836723949,384,861,1,0,0,0,0,0,0,0,0,0,0,0,0,1,0,0,0,0,0,0
1333,125500,7.215239978730097,297,803,1,0,0,0,0,0,0,0,0,0,0,0,1,0,0,0,0,0,0,0
1441,149300,6.742880635791903,420,848,0,1,0,0,0,0,0,0,0,1,0,0,0,0,0,0,0,0,0,0
619,305000,7.724004656676065,749,1482,0,0,0,1,0,0,1,0,0,0,0,0,0,0,0,0,0,0,0,0
771,102000,7.106606137727303,396,836,0,0,0,0,0,0,0,0,0,0,0,0,1,0,0,0,0,0,0,0
465,178740,7.254177846456518,398,1375,0,0,1,0,0,0,1,0,0,0,0,0,1,0,0,0,0,0,0,0
1248,129500,7.629489916393995,396,735,0,1,0,0,0,0,0,0,0,0,0,0,0,0,1,0,0,0,0,0
431,79900,7.088408778675395,0,901,0,1,0,0,0,0,0,0,0,0,0,0,0,1,0,0,0,0,0,0
1288,278000,7.413970290190444,499,1501,0,0,0,1,0,0,1,0,0,0,0,1,0,0,0,0,0,0,0,0
1120,118400,6.919683849847411,308,1012,0,1,0,0,0,0,0,0,0,0,0,0,1,0,0,0,0,0,0,0
703,140000,7.502186486602924,672,360,1,0,0,0,0,0,1,0,0,0,0,0,0,0,1,0,0,0,0,0
641,226000,7.564757012905729,650,1057,0,0,1,0,0,0,1,0,0,0,0,0,0,1,0,0,0,0,0,0
1331,132500,6.860663671448287,576,911,1,0,0,0,0,0,0,0,0,0,0,0,1,0,0,0,0,0,0,0
540,315000,7.516433302915632,765,1838,0,0,0,0,1,0,1,0,0,0,0,0,0,0,1,0,0,0,0,0
1161,224000,7.402451520818244,924,1296,0,1,0,0,0,0,0,0,0,0,0,0,0,1,0,0,0,0,0,0
863,132500,7.045776576879511,672,1148,1,0,0,0,0,0,0,0,0,0,0,0,1,0,0,0,0,0,0,0
1101,119500,6.856461984594587,280,950,1,0,0,0,0,0,0,0,0,0,0,1,0,0,0,0,0,0,0,0
506,215000,7.555381944240273,471,777,0,0,0,1,0,0,1,0,0,0,0,0,0,0,1,0,0,0,0,0
546,210000,7.399398083331354,440,1065,0,1,0,0,0,0,0,0,0,0,0,0,1,0,0,0,0,0,0,0
1051,200141,7.182352111885263,440,1316,0,0,1,0,0,0,1,0,0,0,0,0,1,0,0,0,0,0,0,0
997,185000,7.273786317844895,615,1442,0,1,0,0,0,0,1,0,0,0,0,0,1,0,0,0,0,0,0,0
1357,149900,6.982862751468942,500,1078,1,0,0,0,0,0,0,0,0,0,0,0,1,0,0,0,0,0,0,0
867,129000,7.02108396428914,544,1040,0,0,0,0,0,0,0,0,0,0,0,1,0,0,0,0,0,0,0,0
1116,184100,7.257707677160043,527,408,0,0,0,1,0,0,1,0,0,0,0,0,0,1,0,0,0,0,0,0
425,135000,7.236339342754344,240,651,0,0,1,0,0,0,0,0,0,0,0,0,1,0,0,0,0,0,0,0
905,128000,6.968850378341948,280,1056,1,0,0,0,0,0,0,0,0,0,0,0,1,0,0,0,0,0,0,0
481,374000,7.491087593534876,874,1792,0,0,0,0,1,0,1,0,0,0,0,0,1,0,0,0,0,0,0,0
483,164000,7.103322062526113,402,1216,0,1,0,0,0,0,1,0,0,0,0,1,0,0,0,0,0,0,0,0
1382,157000,7.474204806496124,576,596,0,0,1,0,0,0,0,0,0,0,0,0,0,0,1,0,0,0,0,0
1128,215000,7.580189417944541,434,847,0,0,1,0,0,0,1,0,0,0,0,0,0,0,1,0,0,0,0,0
672,165000,7.0967213784947605,546,1208,0,1,0,0,0,0,0,0,0,0,0,0,1,0,0,0,0,0,0,0
1269,144000,7.329093736246592,315,874,1,0,0,0,0,0,0,0,0,0,0,0,0,1,0,0,0,0,0,0
1385,125500,7.050989447068045,240,796,0,0,0,0,0,0,0,0,0,0,0,0,0,1,0,0,0,0,0,0
494,91300,6.786716950605081,273,190,1,0,0,0,0,0,0,0,0,0,1,0,0,0,0,0,0,0,0,0
569,135960,6.849066282633458,600,943,1,0,0,0,0,0,0,0,0,0,1,0,0,0,0,0,0,0,0,0
501,226700,7.477604243197589,603,866,0,0,1,0,0,0,1,0,0,0,0,0,0,1,0,0,0,0,0,0
1313,333168,7.8628820346414905,779,1393,0,0,0,0,1,0,1,0,0,0,0,0,0,0,0,0,0,0,0,0
773,114500,6.815639990074331,275,912,1,0,0,0,0,0,0,0,0,0,0,1,0,0,0,0,0,0,0,0
1264,181000,7.198183577101943,511,1405,0,1,0,0,0,0,1,0,0,0,0,1,0,0,0,0,0,0,0,0
759,290000,7.836369760545124,752,1318,0,0,0,1,0,0,1,0,0,0,0,0,0,0,0,1,0,0,0,0
799,175000,7.477604243197589,240,731,1,0,0,0,0,0,0,0,0,0,0,0,0,1,0,0,0,0,0,0
251,235000,7.393263094763838,538,1573,0,0,0,1,0,0,1,0,0,0,0,1,0,0,0,0,0,0,0,0
249,277000,7.670428522190693,389,1444,0,1,0,0,0,0,1,0,0,0,0,0,0,1,0,0,0,0,0,0
1245,178000,7.532623618788788,477,585,0,1,0,0,0,0,0,1,0,0,0,0,0,1,0,0,0,0,0,0
1390,235000,7.329749689041512,541,1525,0,0,1,0,0,0,1,0,0,0,0,0,1,0,0,0,0,0,0,0
1375,239000,7.359467638255621,722,1571,0,0,0,1,0,0,1,0,0,0,0,0,0,1,0,0,0,0,0,0
638,85000,6.679599185844383,0,796,1,0,0,0,0,0,0,0,0,0,1,0,0,0,0,0,0,0,0,0
1292,107500,7.771488760117616,432,994,1,0,0,0,0,0,1,0,0,0,0,0,0,0,0,0,1,0,0,0
1018,160000,7.294377299288821,402,384,0,0,1,0,0,0,1,0,0,0,0,0,0,1,0,0,0,0,0,0
1213,145000,6.866933284461882,364,648,0,0,0,0,0,0,0,0,1,1,0,0,0,0,0,0,0,0,0,0
1430,192140,7.516433302915632,372,732,1,0,0,0,0,0,1,0,0,0,0,0,0,1,0,0,0,0,0,0
810,181000,7.1770187659099,484,1040,0,1,0,0,0,0,0,0,0,0,0,1,0,0,0,0,0,0,0,0
874,66500,7.030857476116121,200,676,1,0,0,0,0,0,0,0,0,0,0,1,0,0,0,0,0,0,0,0
505,124500,7.580699752224563,400,960,1,0,0,0,0,0,1,0,0,0,0,0,0,0,0,0,0,0,0,0
1418,124000,7.042286171939743,336,1144,1,0,0,0,0,0,0,0,0,0,0,0,1,0,0,0,0,0,0,0
634,144000,6.962243464266207,576,1056,0,1,0,0,0,0,0,0,1,0,1,0,0,0,0,0,0,0,0,0
1337,52500,6.541029999189903,0,693,0,0,0,0,0,0,0,0,0,0,1,0,0,0,0,0,0,0,0,0
752,217000,7.309212365692763,576,1479,0,1,0,0,0,0,1,0,0,0,0,0,1,0,0,0,0,0,0,0
1405,275000,7.406103381237015,482,1594,0,0,0,1,0,0,1,0,0,0,0,1,0,0,0,0,0,0,0,0
194,127000,6.761572768804055,352,864,1,0,0,0,0,0,0,0,0,0,0,1,0,0,0,0,0,0,0,0
240,262500,7.356279876550748,750,1566,0,0,0,1,0,0,1,0,0,0,0,0,0,1,0,0,0,0,0,0
1276,162000,7.240649694255466,497,723,0,1,0,0,0,0,0,0,0,0,0,0,1,0,0,0,0,0,0,0
729,103000,7.0967213784947605,539,780,0,0,0,0,0,0,0,0,0,0,0,1,0,0,0,0,0,0,0,0
1397,137500,7.321849713788356,180,939,1,0,0,0,0,0,0,0,0,0,0,0,0,0,1,0,0,0,0,0
1255,127500,7.220373836723949,560,884,0,1,0,0,0,0,0,0,0,0,0,0,1,0,0,0,0,0,0,0
49,127000,6.86171134048073,386,955,1,0,0,0,0,0,0,0,0,0,0,0,1,0,0,0,0,0,0,0
998,91000,6.981934677156389,210,1007,0,0,0,0,0,1,0,0,0,0,0,0,1,0,0,0,0,0,0,0
411,145000,6.962243464266207,572,1056,1,0,0,0,0,0,0,0,0,0,0,1,0,0,0,0,0,0,0,0
1246,186500,7.347943823148687,615,756,0,0,1,0,0,0,1,0,0,0,0,0,1,0,0,0,0,0,0,0
776,221500,7.3864708488298945,865,1614,0,0,1,0,0,0,1,0,0,0,0,0,0,1,0,0,0,0,0,0
693,108480,6.9782137426306985,326,1073,1,0,0,0,0,0,0,0,0,0,1,0,0,0,0,0,0,0,0,0
77,127000,7.158513997329321,240,672,1,0,0,0,0,0,0,0,0,0,0,0,1,0,0,0,0,0,0,0
1381,237500,7.6577552711348655,550,1205,0,1,0,0,0,0,1,0,0,0,0,0,0,1,0,0,0,0,0,0
528,86000,6.405228458030842,0,528,0,0,0,0,0,0,0,0,0,0,0,1,0,0,0,0,0,0,0,0
44,141000,7.047517221357296,300,1150,1,0,0,0,0,0,0,0,0,0,0,0,1,0,0,0,0,0,0,0
1195,176000,7.283448228756631,400,728,0,1,0,0,0,0,1,0,0,0,0,0,0,0,1,0,0,0,0,0
980,178400,6.906754778648554,588,944,0,0,1,0,0,0,0,0,0,0,0,0,1,0,0,0,0,0,0,0
993,173900,7.313220387090301,564,750,0,1,0,0,0,0,1,0,0,0,0,0,1,0,0,0,0,0,0,0
300,157000,7.197435354096591,375,1165,1,0,0,0,0,0,0,0,0,0,0,1,0,0,0,0,0,0,0,0
1401,193000,7.373374309910049,398,839,0,1,0,0,0,0,1,0,0,0,0,0,0,0,1,0,0,0,0,0
1058,335000,7.688913336864796,836,1104,0,0,0,0,1,0,1,0,0,0,0,0,0,0,0,0,0,0,0,0
276,201000,7.352441100243583,573,1560,0,0,1,0,0,0,1,0,0,0,0,0,0,1,0,0,0,0,0,0
467,146500,7.404887575616125,312,728,1,0,0,0,0,0,0,0,0,0,0,0,0,1,0,0,0,0,0,0
489,86000,6.4457198193855785,286,630,0,0,0,0,0,0,0,0,0,1,0,0,0,0,0,0,0,0,0,0
269,148000,7.014814351275545,504,1143,0,1,0,0,0,0,0,0,0,0,0,0,1,0,0,0,0,0,0,0
408,280000,7.683403681053826,947,1063,0,0,1,0,0,0,1,0,0,0,0,0,0,0,0,1,0,0,0,0
1448,112000,7.204892510204673,384,560,0,0,0,0,0,0,0,0,0,0,0,0,1,0,0,0,0,0,0,0
875,303477,7.867105500316739,550,1184,0,0,0,1,0,0,1,0,0,0,0,0,0,0,0,0,1,0,0,0
1374,250000,7.579678823090456,936,1026,0,0,1,0,0,0,1,0,0,0,0,0,0,0,0,1,0,0,0,0
283,244600,7.291656209174461,898,1468,0,0,0,1,0,0,1,0,0,0,0,0,1,0,0,0,0,0,0,0
839,130500,7.090076835776092,240,768,1,0,0,0,0,0,0,0,0,0,0,0,1,0,0,0,0,0,0,0
399,241000,7.346010209913293,438,1092,0,0,1,0,0,0,1,0,0,0,0,0,0,1,0,0,0,0,0,0
883,118500,7.709756864454165,440,795,0,0,0,0,0,0,0,0,0,0,0,0,0,0,0,0,0,0,0,0
406,115000,7.40184157874383,240,1064,0,1,0,0,0,0,0,0,0,0,0,0,1,0,0,0,0,0,0,0
512,129900,6.761572768804055,624,864,1,0,0,0,0,0,0,0,0,0,0,1,0,0,0,0,0,0,0,0
338,202500,7.390798521735676,440,1208,0,0,1,0,0,0,1,0,0,0,0,0,0,0,1,0,0,0,0,0
363,118000,6.894670039433482,264,483,0,1,0,0,0,0,0,0,0,0,0,1,0,0,0,0,0,0,0,0
692,335000,7.831617276352611,628,1210,0,0,1,0,0,0,1,0,0,0,0,0,0,0,0,1,0,0,0,0
1334,125000,7.21890970761906,440,765,1,0,0,0,0,0,0,0,0,0,0,0,0,1,0,0,0,0,0,0
983,255900,7.736307096548285,779,1128,0,0,0,1,0,0,1,0,0,0,0,0,0,0,0,1,0,0,0,0
320,342643,7.86172707782398,840,1249,0,0,0,0,1,0,0,1,0,0,0,0,0,0,0,1,0,0,0,0
427,109008,6.810142450115136,352,907,0,0,0,0,0,0,0,0,0,0,0,1,0,0,0,0,0,0,0,0
195,148500,7.283448228756631,440,855,0,1,0,0,0,0,1,0,0,0,0,0,0,1,0,0,0,0,0,0
1231,132500,7.081708586105575,540,1106,1,0,0,0,0,0,0,0,0,0,0,0,1,0,0,0,0,0,0,0
900,110000,6.754604099487962,684,858,0,0,0,0,0,0,0,0,0,0,1,0,0,0,0,0,0,0,0,0
1125,115000,6.912742820493176,672,1005,0,0,0,0,0,0,0,0,0,0,0,1,0,0,0,0,0,0,0,0
794,194500,7.546974117516527,409,712,0,0,1,0,0,0,1,0,0,0,0,0,0,1,0,0,0,0,0,0
10,129500,6.946975992135418,384,1040,1,0,0,0,0,0,0,0,0,0,0,1,0,0,0,0,0,0,0,0
1026,167500,7.142036574706803,461,1268,1,0,0,0,0,0,0,0,0,0,0,0,1,0,0,0,0,0,0,0
686,227875,7.473637108496206,578,874,0,0,1,0,0,0,0,1,0,0,0,0,0,1,0,0,0,0,0,0
1247,169900,6.9411900550683745,888,1012,0,1,0,0,0,0,0,0,0,0,0,0,1,0,0,0,0,0,0,0
271,241500,7.217443431696533,439,1385,0,0,1,0,0,0,0,0,0,0,0,1,0,0,0,0,0,0,0,0
445,127500,7.4318919168078,480,1436,0,1,0,0,0,0,0,0,0,0,0,0,0,1,0,0,0,0,0,0
1280,227000,7.360739903058278,544,1573,0,0,1,0,0,0,1,0,0,0,0,0,1,0,0,0,0,0,0,0
64,219500,7.617759576608505,645,1057,0,0,1,0,0,0,1,0,0,0,0,0,0,0,1,0,0,0,0,0
682,173000,7.1631723908466425,431,1291,0,1,0,0,0,0,0,0,0,0,0,0,1,0,0,0,0,0,0,0
960,116500,6.754604099487962,0,858,1,0,0,0,0,0,0,0,0,0,1,0,0,0,0,0,0,0,0,0
1384,105000,7.1372784372603855,280,560,0,1,0,0,0,0,0,0,0,0,0,0,1,0,0,0,0,0,0,0
1100,60000,6.082218910376446,246,290,0,0,0,0,0,1,0,0,0,1,0,0,0,0,0,0,0,0,0,0
416,149500,7.24422751560335,440,672,0,1,0,0,0,0,0,0,0,0,0,0,1,0,0,0,0,0,0,0
1034,119750,6.860663671448287,240,920,1,0,0,0,0,0,0,0,0,0,0,1,0,0,0,0,0,0,0,0
853,158000,7.275864600546533,645,1127,0,1,0,0,0,0,0,0,0,0,0,0,0,1,0,0,0,0,0,0
472,148000,6.977281341630747,525,547,0,1,0,0,0,0,0,0,0,0,0,1,0,0,0,0,0,0,0,0
328,214500,7.665753431861699,441,844,0,1,0,0,0,0,1,0,0,0,0,0,0,0,0,0,0,0,0,0
1283,139000,7.508787170634276,0,912,0,1,0,0,0,0,1,0,0,0,0,0,0,0,1,0,0,0,0,0
452,204000,7.470793774195062,422,872,0,1,0,0,0,0,1,0,0,0,0,0,0,1,0,0,0,0,0,0
1227,147000,6.815639990074331,576,912,1,0,0,0,0,0,0,0,0,0,0,1,0,0,0,0,0,0,0,0
530,175000,7.319202458767849,600,1461,0,1,0,0,0,0,1,0,0,0,0,1,0,0,0,0,0,0,0,0
1399,137450,7.382746449738912,216,976,0,1,0,0,0,0,1,0,0,0,0,0,0,1,0,0,0,0,0,0
922,169990,7.182352111885263,397,1316,0,1,0,0,0,0,1,0,0,0,0,0,1,0,0,0,0,0,0,0
912,88000,6.922643891475888,450,768,1,0,0,0,0,0,0,0,0,0,0,0,1,0,0,0,0,0,0,0
418,126000,7.033506484287697,240,756,1,0,0,0,0,0,0,0,0,0,0,0,0,1,0,0,0,0,0,0
906,255000,7.400009517162692,865,1623,0,0,0,1,0,0,1,0,0,0,0,0,0,0,1,0,0,0,0,0
751,162000,7.1853870155804165,400,660,0,0,1,0,0,0,1,0,0,0,0,0,1,0,0,0,0,0,0,0
828,185000,7.661997558901893,538,1013,1,0,0,0,0,0,1,0,0,0,0,0,0,1,0,0,0,0,0,0
1296,155000,7.028201432058005,525,1120,1,0,0,0,0,0,1,0,0,0,0,0,1,0,0,0,0,0,0,0
901,153000,7.174724309836376,756,992,1,0,0,0,0,0,0,0,0,0,0,1,0,0,0,0,0,0,0,0
1038,97000,7.203405521083095,0,546,0,0,0,0,0,0,0,0,0,0,0,0,1,0,0,0,0,0,0,0
716,159500,7.845416036592485,704,718,0,0,1,0,0,0,0,0,0,0,0,0,0,0,1,0,0,0,0,0
1069,135000,6.794586580876499,576,845,1,0,0,0,0,0,0,0,0,0,1,0,0,0,0,0,0,0,0,0
1226,214000,7.566828479208331,668,894,0,1,0,0,0,0,1,0,0,0,0,0,0,0,0,1,0,0,0,0
500,113000,7.1049654482698426,264,672,0,1,0,0,0,0,0,0,0,0,0,0,0,1,0,0,0,0,0,0
471,190000,7.585281078639126,534,808,0,0,1,0,0,0,1,0,0,0,0,0,0,0,1,0,0,0,0,0
1447,240000,7.644919344958857,556,1220,0,0,0,1,0,0,1,0,0,0,0,0,0,0,1,0,0,0,0,0
487,175000,7.302496423727326,487,1484,1,0,0,0,0,0,1,0,0,0,0,0,0,1,0,0,0,0,0,0
1336,135000,7.412160334945205,506,1656,1,0,0,0,0,0,1,0,0,0,0,0,0,0,1,0,0,0,0,0
1177,115000,7.1098794630722715,210,818,0,1,0,0,0,0,0,0,0,0,0,1,0,0,0,0,0,0,0,0
131,244000,7.627544390488503,390,992,0,1,0,0,0,0,1,0,0,0,0,0,0,1,0,0,0,0,0,0
15,132000,6.74993119378857,576,832,0,0,1,0,0,0,0,0,0,0,0,1,0,0,0,0,0,0,0,0
1086,83500,6.9957661563048505,286,546,0,0,0,0,0,0,0,0,0,0,0,0,1,0,0,0,0,0,0,0
911,143500,7.145196134997171,252,1268,1,0,0,0,0,0,0,0,0,0,0,1,0,0,0,0,0,0,0,0
435,212000,7.415175109613295,550,799,0,0,1,0,0,0,1,0,0,0,0,0,1,0,0,0,0,0,0,0
1369,232000,7.419380582918692,502,1657,0,0,0,1,0,0,1,0,0,0,0,0,0,0,1,0,0,0,0,0
476,208900,7.30854279753919,508,1478,0,1,0,0,0,0,1,0,0,0,0,0,0,1,0,0,0,0,0,0
1150,124000,6.837332814685591,306,932,0,1,0,0,0,0,0,0,0,0,1,0,0,0,0,0,0,0,0,0
466,167000,7.152268856032539,526,1277,0,0,1,0,0,0,0,0,0,0,0,1,0,0,0,0,0,0,0,0
1127,259000,7.333023014386481,630,1530,0,0,1,0,0,0,1,0,0,0,0,0,0,1,0,0,0,0,0,0
1424,144000,7.203405521083095,484,1024,1,0,0,0,0,0,0,0,0,0,0,0,1,0,0,0,0,0,0,0
587,137000,6.756932389247553,528,840,1,0,0,0,0,0,0,0,0,0,1,0,0,0,0,0,0,0,0,0
1157,230000,7.1808311990445555,626,1314,0,0,1,0,0,0,1,0,0,0,0,0,1,0,0,0,0,0,0,0
938,239799,7.581719640125308,868,1391,0,0,1,0,0,0,1,0,0,0,0,0,0,1,0,0,0,0,0,0
1224,184000,7.306531398939505,388,788,0,0,1,0,0,0,1,0,0,0,0,0,0,0,1,0,0,0,0,0
721,143000,6.742880635791903,420,848,0,1,0,0,0,0,0,0,0,1,0,0,0,0,0,0,0,0,0,0
402,108000,6.51025834052315,240,672,1,0,0,0,0,0,0,0,0,0,1,0,0,0,0,0,0,0,0,0
1457,266500,7.757906208351747,252,1152,0,0,1,0,0,0,1,0,0,0,0,0,0,0,0,1,0,0,0,0
187,135000,7.412160334945205,180,660,1,0,0,0,0,0,1,0,0,0,0,0,0,0,1,0,0,0,0,0
191,184000,7.2991214627108,484,725,0,0,1,0,0,0,0,0,0,0,0,0,0,1,0,0,0,0,0,0
103,198900,7.111512116496157,740,1226,0,0,1,0,0,0,1,0,0,0,0,0,1,0,0,0,0,0,0,0
789,187500,7.643482907077201,444,832,0,1,0,0,0,0,1,0,0,0,0,0,0,0,0,1,0,0,0,0
60,158000,7.05444965813294,576,1158,0,1,0,0,0,0,0,0,0,0,0,1,0,0,0,0,0,0,0,0
1064,154000,7.050989447068045,480,1154,1,0,0,0,0,0,0,0,0,0,0,0,1,0,0,0,0,0,0,0
536,188000,7.452402451223638,527,880,0,0,1,0,0,0,1,0,0,0,0,0,0,0,1,0,0,0,0,0
1110,188000,7.4133673356952405,431,773,0,1,0,0,0,0,1,0,0,0,0,0,0,0,1,0,0,0,0,0
887,135500,7.239214973779806,300,816,1,0,0,0,0,0,0,0,0,0,0,0,0,0,1,0,0,0,0,0
1378,83000,6.894670039433482,264,483,0,1,0,0,0,0,0,0,0,0,0,1,0,0,0,0,0,0,0,0
165,127500,7.2115567333138015,0,644,1,0,0,0,0,0,1,0,0,0,0,0,1,0,0,0,0,0,0,0
934,242000,7.634820677745543,505,585,0,0,1,0,0,0,1,0,0,0,0,0,0,0,0,1,0,0,0,0
758,179400,7.313886831633462,440,744,0,0,1,0,0,0,1,0,0,0,0,0,1,0,0,0,0,0,0,0
473,440000,7.588829878307813,908,1976,0,0,0,1,0,0,1,0,0,0,0,0,0,1,0,0,0,0,0,0
82,245000,7.354362330421477,758,1563,0,0,0,1,0,0,1,0,0,0,0,0,1,0,0,0,0,0,0,0
1148,116900,7.01301578963963,288,572,0,0,1,0,0,0,0,0,0,0,0,1,0,0,0,0,0,0,0,0
657,149000,7.31455283232408,270,776,0,0,1,0,0,0,0,0,0,0,0,0,1,0,0,0,0,0,0,0
349,437154,7.911324018963353,706,1848,0,0,0,0,1,0,1,0,0,0,0,0,0,0,0,0,0,0,0,0
1291,119500,7.171656822768514,264,630,1,0,0,0,0,0,1,0,0,0,0,0,1,0,0,0,0,0,0,0
1270,260000,7.329093736246592,586,1332,0,0,1,0,0,0,0,0,1,0,1,0,0,0,0,0,0,0,0,0
117,155000,7.025538314638521,430,1125,1,0,0,0,0,0,0,0,0,0,0,1,0,0,0,0,0,0,0,0
831,151000,7.090076835776092,480,600,0,0,1,0,0,0,1,0,0,0,1,0,0,0,0,0,0,0,0,0
252,173000,7.402451520818244,520,798,0,1,0,0,0,0,1,0,0,0,0,0,1,0,0,0,0,0,0,0
1426,271000,7.6624678152002375,525,1223,0,0,1,0,0,0,1,0,0,0,0,1,0,0,0,0,0,0,0,0
311,132000,6.879355804460439,240,972,0,1,0,0,0,0,0,0,0,0,0,1,0,0,0,0,0,0,0,0
1133,239500,7.61085279039525,466,1128,0,0,0,1,0,0,1,0,0,0,0,0,0,0,1,0,0,0,0,0
395,129000,7.042286171939743,596,1144,1,0,0,0,0,0,0,0,0,0,0,0,1,0,0,0,0,0,0,0
358,130000,7.20934025660291,288,1062,1,0,0,0,0,0,0,0,0,0,0,0,1,0,0,0,0,0,0,0
263,130000,7.182352111885263,484,926,1,0,0,0,0,0,0,0,0,0,0,0,1,0,0,0,0,0,0,0
359,280000,7.562161631225652,592,1086,0,0,0,1,0,0,1,0,0,0,0,0,0,1,0,0,0,0,0,0
985,125000,7.059617628291383,240,1164,1,0,0,0,0,0,0,0,0,0,0,1,0,0,0,0,0,0,0,0
1140,139000,6.858565034791365,840,952,1,0,0,0,0,0,0,0,0,0,1,0,0,0,0,0,0,0,0,0
1349,122000,7.765569081097317,0,684,0,0,0,1,0,0,1,0,0,0,0,0,0,0,1,0,0,0,0,0
726,222000,7.426549072397305,540,880,0,1,0,0,0,0,1,0,0,0,0,1,0,0,0,0,0,0,0,0
1393,163000,7.555905093611346,672,482,0,1,0,0,0,0,1,0,0,0,0,0,0,1,0,0,0,0,0,0
16,149000,6.911747300251674,480,1004,0,1,0,0,0,0,0,0,0,0,0,1,0,0,0,0,0,0,0,0
995,121600,7.114769448366463,305,747,0,0,0,0,0,0,0,0,0,0,0,1,0,0,0,0,0,0,0,0
1139,144000,7.062191632286556,495,915,1,0,0,0,0,0,0,0,0,0,0,0,1,0,0,0,0,0,0,0
761,100000,7.170888478512505,440,1145,1,0,0,0,0,0,0,0,0,0,0,1,0,0,0,0,0,0,0,0
351,190000,7.2813856635702825,445,1453,0,0,1,0,0,0,0,0,0,0,0,0,1,0,0,0,0,0,0,0
539,272000,7.3783837129967145,670,1581,0,0,0,1,0,0,1,0,0,0,0,0,1,0,0,0,0,0,0,0
1330,227000,7.370230641807081,825,1588,0,0,0,1,0,0,1,0,0,0,0,0,0,1,0,0,0,0,0,0
969,140000,6.9985096422506015,264,588,0,1,0,0,0,0,0,0,0,0,0,0,1,0,0,0,0,0,0,0
996,136500,6.956545443151569,368,1050,1,0,0,0,0,0,0,0,0,0,0,0,1,0,0,0,0,0,0,0
97,94750,6.866933284461882,432,960,0,0,0,0,0,0,0,0,0,0,0,0,1,0,0,0,0,0,0,0
1072,91500,7.283448228756631,280,810,1,0,0,0,0,0,0,0,0,0,0,0,0,1,0,0,0,0,0,0
1271,185750,7.305860032684009,462,1489,0,1,0,0,0,0,1,0,0,0,0,0,0,1,0,0,0,0,0,0
196,311872,7.453561871643373,786,1726,0,0,1,0,0,0,1,0,0,0,0,0,0,0,1,0,0,0,0,0
183,200000,7.641084249174914,484,1362,0,0,1,0,0,0,1,0,0,0,0,0,1,0,0,0,0,0,0,0
1281,180000,7.199678345691172,484,1309,0,0,1,0,0,0,1,0,0,0,0,0,1,0,0,0,0,0,0,0
1196,219210,7.529943370601589,660,879,0,0,1,0,0,0,1,0,0,0,0,0,0,0,0,1,0,0,0,0
1406,133000,6.643789733147672,396,768,1,0,0,0,0,0,0,0,0,0,0,1,0,0,0,0,0,0,0,0
674,140000,7.035268599281097,384,1136,0,1,0,0,0,0,0,0,0,0,0,1,0,0,0,0,0,0,0,0
81,153500,7.198183577101943,405,1237,0,1,0,0,0,0,1,0,0,0,0,1,0,0,0,0,0,0,0,0
1220,115000,6.815639990074331,288,912,1,0,0,0,0,0,0,0,0,0,0,1,0,0,0,0,0,0,0,0
397,169500,7.502186486602924,264,864,1,0,0,0,0,0,1,0,0,0,0,0,0,0,1,0,0,0,0,0
267,179500,7.692569648067906,240,720,1,0,0,0,0,0,1,0,0,0,0,0,0,0,1,0,0,0,0,0
386,81000,7.076653815443951,0,658,1,0,0,0,0,0,0,0,0,0,0,0,0,0,1,0,0,0,0,0
1266,122000,7.543802867501509,308,925,0,0,1,0,0,0,0,0,0,0,0,0,0,0,0,1,0,0,0,0
132,150750,7.190676034332207,624,1063,1,0,0,0,0,0,0,0,0,0,0,0,0,1,0,0,0,0,0,0
265,175500,7.259819610363186,576,1422,0,1,0,0,0,0,1,0,0,0,0,0,0,1,0,0,0,0,0,0
943,143000,7.397561535524052,576,1632,1,0,0,0,0,0,1,0,0,0,0,0,0,0,1,0,0,0,0,0
1203,213000,7.396335293800808,451,1630,0,0,1,0,0,0,1,0,0,0,0,0,1,0,0,0,0,0,0,0
88,85000,7.330405211844402,0,1013,0,0,0,0,0,1,0,0,0,0,0,0,1,0,0,0,0,0,0,0
565,128000,7.4067107301776405,216,806,0,1,0,0,0,0,0,0,0,0,0,0,1,0,0,0,0,0,0,0
1130,135000,7.591357046698551,576,1122,0,0,0,0,0,0,1,0,0,0,0,0,0,1,0,0,0,0,0,0
294,167000,7.404887575616125,418,1416,0,1,0,0,0,0,0,0,0,0,0,0,0,1,0,0,0,0,0,0
261,276000,7.853216388156072,868,1482,0,0,0,1,0,0,1,0,0,0,0,0,0,0,0,0,0,0,0,0
1263,180500,7.508787170634276,520,764,0,1,0,0,0,0,0,0,0,0,0,0,0,0,1,0,0,0,0,0
629,168500,7.2078598714324755,520,1248,0,1,0,0,0,0,0,0,0,0,0,0,1,0,0,0,0,0,0,0
1431,143750,6.86484777797086,440,958,0,1,0,0,0,0,1,0,0,0,0,1,0,0,0,0,0,0,0,0
1414,207000,7.521859252201629,370,833,0,1,0,0,0,0,0,0,0,0,0,0,0,0,1,0,0,0,0,0
405,150000,7.3901814282264295,490,1281,0,0,0,0,0,0,1,0,0,0,0,0,0,0,1,0,0,0,0,0
356,173000,7.062191632286556,400,1158,0,1,0,0,0,0,1,0,0,0,0,0,1,0,0,0,0,0,0,0
239,113000,7.304515946460155,220,735,0,1,0,0,0,0,0,0,0,0,0,0,0,1,0,0,0,0,0,0
884,100000,6.79346613258001,288,892,1,0,0,0,0,0,0,0,0,0,0,1,0,0,0,0,0,0,0,0
1428,119000,6.6895992691789665,240,788,1,0,0,0,0,0,0,0,0,0,1,0,0,0,0,0,0,0,0,0
1453,84500,7.038783541388542,0,1140,1,0,0,0,0,0,0,0,0,0,0,0,1,0,0,0,0,0,0,0
895,140000,7.493317248862145,483,780,0,1,0,0,0,0,0,0,0,0,0,0,0,0,1,0,0,0,0,0
988,195000,7.615791072035833,551,848,0,1,0,0,0,0,1,0,0,0,0,0,0,0,1,0,0,0,0,0
1442,310000,7.604396348796338,812,1017,0,0,0,0,0,1,1,0,0,0,0,0,0,0,0,0,0,0,0,0
1001,86000,6.53813982376767,216,691,1,0,0,0,0,0,0,0,0,0,1,0,0,0,0,0,0,0,0,0
453,210000,7.371489295214277,676,768,0,0,0,1,0,0,1,0,0,0,0,0,1,0,0,0,0,0,0,0
110,136900,7.5256399750415355,325,994,0,1,0,0,0,0,1,0,0,0,0,0,0,1,0,0,0,0,0,0
1189,189000,7.4977617006225685,442,994,0,0,1,0,0,0,1,0,0,0,0,0,0,1,0,0,0,0,0,0
1240,224900,7.477604243197589,543,884,0,0,1,0,0,0,1,0,0,0,0,0,0,0,1,0,0,0,0,0
1146,180000,7.168579897264035,403,1298,0,1,0,0,0,0,1,0,0,0,0,1,0,0,0,0,0,0,0,0
503,289000,7.496097345175956,484,1501,0,0,1,0,0,0,1,0,0,0,0,0,1,0,0,0,0,0,0,0
1449,92000,6.4457198193855785,0,630,1,0,0,0,0,0,0,0,0,1,0,0,0,0,0,0,0,0,0,0
1063,110500,7.005789019253503,440,1103,0,1,0,0,0,0,0,0,0,0,0,1,0,0,0,0,0,0,0,0
711,102776,7.071573364211532,384,859,0,0,0,0,0,0,0,0,0,0,0,0,0,1,0,0,0,0,0,0
801,109900,7.086737934510577,440,1196,0,0,0,0,0,0,0,0,0,0,0,1,0,0,0,0,0,0,0,0
864,250580,7.22402480828583,529,1372,0,0,1,0,0,0,1,0,0,0,0,0,1,0,0,0,0,0,0,0
367,165000,7.266128779556451,296,1099,0,1,0,0,0,0,0,0,0,0,0,0,1,0,0,0,0,0,0,0
1444,179600,7.259819610363186,626,1422,0,0,1,0,0,0,1,0,0,0,0,0,0,1,0,0,0,0,0,0
384,240000,7.577121930876679,501,1580,0,1,0,0,0,0,1,0,0,0,0,0,0,0,0,1,0,0,0,0
200,140000,7.02197642307216,440,1121,0,0,0,0,0,0,1,0,0,0,0,1,0,0,0,0,0,0,0,0
65,317000,7.813187267521416,852,1143,0,0,0,1,0,0,1,0,0,0,0,0,0,0,0,1,0,0,0,0
957,132000,6.963189985870238,576,1057,1,0,0,0,0,0,0,0,0,0,0,0,1,0,0,0,0,0,0,0
783,165500,7.01211529430638,602,1097,1,0,0,0,0,0,0,0,0,0,1,0,0,0,0,0,0,0,0,0
272,290000,7.727535110475448,671,1152,0,0,0,1,0,0,1,0,0,0,0,0,0,0,0,1,0,0,0,0
1267,378500,7.609862200913554,746,2002,0,0,0,0,1,0,1,0,0,0,0,0,0,0,0,0,0,0,0,0
757,158900,7.234177179749849,440,672,0,1,0,0,0,0,1,0,0,0,0,0,1,0,0,0,0,0,0,0
744,180000,7.198183577101943,462,1337,0,0,0,1,0,0,1,0,0,0,0,1,0,0,0,0,0,0,0,0
541,248000,7.734121303328305,648,969,0,0,0,1,0,0,1,0,0,0,0,0,0,0,1,0,0,0,0,0
478,297000,7.4489161025442,826,1705,0,0,0,1,0,0,1,0,0,0,0,0,0,1,0,0,0,0,0,0
808,159950,6.990256500493881,484,1024,1,0,0,0,0,0,0,0,0,0,0,0,1,0,0,0,0,0,0,0
1126,174000,7.349230824613334,660,1373,0,0,1,0,0,0,1,0,0,0,0,0,0,1,0,0,0,0,0,0
1310,335000,7.550661243105336,567,1902,0,0,1,0,0,0,1,0,0,0,0,0,0,1,0,0,0,0,0,0
1180,250000,7.829630389150193,693,1216,0,0,1,0,0,0,1,0,0,0,0,0,0,0,1,0,0,0,0,0
188,153337,7.1098794630722715,528,1086,1,0,0,0,0,0,0,0,1,0,0,0,1,0,0,0,0,0,0,0
1259,151000,6.960347729101308,460,1054,0,1,0,0,0,0,0,0,0,0,0,0,1,0,0,0,0,0,0,0
981,336000,7.867871490396322,676,1225,0,0,0,1,0,0,1,0,0,0,0,0,0,0,1,0,0,0,0,0
904,125500,6.804614520062624,288,876,1,0,0,0,0,0,0,0,0,0,0,0,1,0,0,0,0,0,0,0
316,260000,7.763446388727362,484,845,0,0,1,0,0,0,1,0,0,0,0,0,0,0,0,0,0,0,0,0
214,161750,7.238496840894365,299,689,0,1,0,0,0,0,0,0,0,0,0,0,1,0,0,0,0,0,0,0
878,148000,7.051855622955894,576,1109,1,0,0,0,0,0,0,0,0,0,0,0,1,0,0,0,0,0,0,0
1398,138000,7.55171221535131,240,1208,1,0,0,0,0,0,0,0,0,0,0,0,0,1,0,0,0,0,0,0
1400,120000,7.05444965813294,208,862,0,1,0,0,0,0,0,0,0,0,0,1,0,0,0,0,0,0,0,0
531,128000,7.216709486709457,502,611,0,1,0,0,0,0,1,0,0,0,0,0,1,0,0,0,0,0,0,0
255,230000,7.736743682453495,429,975,0,0,1,0,0,0,1,0,0,0,0,0,0,0,1,0,0,0,0,0
30,40000,7.183111701743281,250,649,0,0,0,0,0,0,0,0,0,0,0,0,1,0,0,0,0,0,0,0
1115,318000,7.458186157340487,928,1734,0,0,0,1,0,0,1,0,0,0,0,0,0,1,0,0,0,0,0,0
230,148000,7.085064293952548,312,1194,0,1,0,0,0,0,0,0,0,0,0,0,1,0,0,0,0,0,0,0
844,153900,7.255591274253665,720,876,1,0,0,0,0,0,0,0,0,0,0,0,0,1,0,0,0,0,0,0
893,165000,7.232010331664759,354,1383,1,0,0,0,0,0,0,0,0,0,0,0,1,0,0,0,0,0,0,0
913,145000,7.601901959875166,871,1001,1,0,0,0,0,0,1,0,0,0,0,0,0,0,1,0,0,0,0,0
793,225000,7.310550158534422,474,1496,0,0,0,1,0,0,1,0,0,0,0,0,0,1,0,0,0,0,0,0
1377,117000,7.38025578842646,660,984,1,0,0,0,0,0,1,0,0,0,0,0,1,0,0,0,0,0,0,0
264,73000,6.638567789166521,504,680,1,0,0,0,0,0,0,0,0,0,1,0,0,0,0,0,0,0,0,0
101,178000,7.4570320891223805,476,741,0,1,0,0,0,0,1,0,0,0,0,0,0,1,0,0,0,0,0,0
13,279500,7.309212365692763,840,1494,0,0,1,0,0,0,1,0,0,0,0,0,0,1,0,0,0,0,0,0
1135,102000,6.893656354602635,180,960,0,1,0,0,0,0,0,0,0,0,0,1,0,0,0,0,0,0,0,0
790,160200,7.0431599159883405,397,1145,0,0,1,0,0,0,1,0,0,0,0,1,0,0,0,0,0,0,0,0
784,128000,7.302496423727326,0,742,0,1,0,0,0,0,1,0,0,0,0,0,0,0,0,1,0,0,0,0
944,137500,7.203405521083095,525,819,0,1,0,0,0,0,0,0,0,0,0,0,0,1,0,0,0,0,0,0
841,157500,7.338888133838879,686,650,1,0,0,0,0,0,1,0,0,0,0,0,0,0,1,0,0,0,0,0
566,325000,7.825644732219989,656,1122,0,0,0,0,1,0,1,0,0,0,0,0,0,0,0,0,1,0,0,0
935,79900,6.616065185132817,528,600,0,0,0,0,0,0,0,0,0,0,0,1,0,0,0,0,0,0,0,0
1372,274300,7.64826303090192,583,1108,0,0,1,0,0,0,1,0,0,0,0,0,0,0,1,0,0,0,0,0
1352,134900,7.069874128458572,624,698,0,1,0,0,0,0,0,0,0,0,1,0,0,0,0,0,0,0,0,0
495,34900,6.579251212010101,0,720,0,0,0,0,0,0,0,0,0,0,1,0,0,0,0,0,0,0,0,0
1158,235128,7.365180126021013,830,1580,0,0,0,1,0,0,1,0,0,0,0,0,0,1,0,0,0,0,0,0
942,150000,7.272398392570047,0,1440,0,0,0,0,0,0,1,0,0,0,0,0,0,0,1,0,0,0,0,0
670,173500,7.297091005160418,540,738,0,1,0,0,0,0,1,0,0,0,0,0,0,1,0,0,0,0,0,0
933,190000,7.313220387090301,570,1500,0,0,1,0,0,0,1,0,0,0,0,0,1,0,0,0,0,0,0,0
1202,117000,7.206377291472252,216,884,1,0,0,0,0,0,0,0,0,0,0,1,0,0,0,0,0,0,0,0
1093,146000,7.090076835776092,884,864,1,0,0,0,0,0,0,0,0,0,0,0,1,0,0,0,0,0,0,0
366,159000,7.2399325913204695,514,1394,0,1,0,0,0,0,0,0,0,0,0,0,1,0,0,0,0,0,0,0
1041,173000,7.397561535524052,484,800,0,1,0,0,0,0,0,0,0,0,0,0,0,1,0,0,0,0,0,0
228,125000,6.815639990074331,336,912,1,0,0,0,0,0,0,0,0,0,0,1,0,0,0,0,0,0,0,0
417,239000,7.8724551500639794,864,1370,0,1,0,0,0,0,1,0,0,0,0,0,0,0,0,0,0,0,0,0
206,143900,7.4360278163518485,349,1140,1,0,0,0,0,0,0,0,0,0,0,0,0,0,1,0,0,0,0,0
79,110000,7.114769448366463,440,440,1,0,0,0,0,0,0,0,0,0,0,1,0,0,0,0,0,0,0,0
190,315000,7.910957382845589,440,853,0,0,0,1,0,0,1,0,0,0,0,0,0,0,0,0,0,0,0,0
492,172785,7.283448228756631,429,728,0,1,0,0,0,0,1,0,0,0,0,0,0,0,1,0,0,0,0,0
725,120500,6.761572768804055,660,864,0,0,0,0,0,0,0,0,0,0,0,1,0,0,0,0,0,0,0,0
145,130000,7.443663683115591,380,970,0,1,0,0,0,0,1,0,0,0,0,0,0,1,0,0,0,0,0,0
1015,227000,7.417580402414544,528,810,0,0,0,1,0,0,1,0,0,0,0,0,1,0,0,0,0,0,0,0
318,260000,7.880804344674901,656,1347,0,0,1,0,0,0,1,0,0,0,0,0,0,0,0,1,0,0,0,0
820,183000,7.402451520818244,595,798,0,0,1,0,0,0,1,0,0,0,0,0,1,0,0,0,0,0,0,0
1186,95000,7.4377951216719325,420,978,0,0,0,0,0,1,1,0,0,0,0,0,0,1,0,0,0,0,0,0
457,256000,7.416378479192928,529,1364,0,0,0,0,0,0,0,0,0,0,0,0,1,0,0,0,0,0,0,0
144,125000,7.454719949364001,504,1728,1,0,0,0,0,0,1,0,0,0,0,0,0,0,0,0,0,0,0,0
1210,189000,7.520234556474628,462,1055,0,1,0,0,0,0,1,0,0,0,0,0,0,0,1,0,0,0,0,0
992,187000,7.523481312573497,440,822,0,1,0,0,0,0,1,0,0,0,0,0,0,1,0,0,0,0,0,0
824,232600,7.305860032684009,776,1489,0,0,0,1,0,0,1,0,0,0,0,0,0,1,0,0,0,0,0,0
760,127500,6.761572768804055,300,864,0,1,0,0,0,0,0,0,0,0,0,1,0,0,0,0,0,0,0,0
1459,147500,7.135687347028144,276,1256,1,0,0,0,0,0,0,0,0,0,0,0,1,0,0,0,0,0,0,0
592,138000,6.704414354964107,816,816,1,0,0,0,0,0,0,0,0,0,1,0,0,0,0,0,0,0,0,0
1154,201800,7.506591780070841,492,864,0,0,1,0,0,0,0,0,0,0,0,0,0,0,1,0,0,0,0,0
918,238000,7.6624678152002375,833,1104,0,0,1,0,0,0,1,0,0,0,0,0,0,0,1,0,0,0,0,0
83,126500,6.970730078143525,461,1065,1,0,0,0,0,0,0,0,0,0,0,0,1,0,0,0,0,0,0,0
154,125000,7.090076835776092,312,1200,0,1,0,0,0,0,0,0,0,0,0,0,0,1,0,0,0,0,0,0
999,206000,7.0967213784947605,632,1187,0,0,1,0,0,0,1,0,0,0,0,0,1,0,0,0,0,0,0,0
1395,281213,7.8168199657645525,642,1094,0,0,0,1,0,0,1,0,0,0,0,0,0,0,0,1,0,0,0,0
748,260400,7.450079569807499,527,1720,0,0,1,0,0,0,1,0,0,0,0,0,0,1,0,0,0,0,0,0
127,87000,6.733401891837359,0,672,1,0,0,0,0,0,0,0,0,0,0,1,0,0,0,0,0,0,0,0
1309,179200,7.165493475060845,496,1278,0,1,0,0,0,0,1,0,0,0,0,0,1,0,0,0,0,0,0,0
880,157000,6.993932975223189,450,1090,1,0,0,0,0,0,0,0,0,0,0,1,0,0,0,0,0,0,0,0
403,258000,7.724446645633537,420,1141,0,0,0,1,0,0,1,0,0,0,0,0,0,0,0,0,0,0,0,0
150,122000,6.876264611890766,440,969,1,0,0,0,0,0,0,0,0,0,0,1,0,0,0,0,0,0,0,0
413,115000,6.93537044601511,360,1008,1,0,0,0,0,0,0,0,0,0,0,1,0,0,0,0,0,0,0,0
955,145000,7.579678823090456,492,979,0,1,0,0,0,0,1,0,0,0,0,0,0,0,1,0,0,0,0,0
1324,147000,7.492760300922379,895,1795,0,0,0,1,0,0,1,0,0,0,0,0,0,1,0,0,0,0,0,0
987,395192,7.570443252057374,606,1930,0,0,0,0,1,0,1,0,0,0,0,0,0,0,1,0,0,0,0,0
717,157000,7.071573364211532,439,1176,1,0,0,0,0,0,0,0,0,0,0,1,0,0,0,0,0,0,0,0
840,140000,7.301147805856032,400,672,0,1,0,0,0,0,1,0,0,0,0,0,0,1,0,0,0,0,0,0
805,227680,7.2640301428995295,554,1417,0,0,1,0,0,0,1,0,0,0,0,0,1,0,0,0,0,0,0,0
847,133500,6.761572768804055,338,864,1,0,0,0,0,0,0,0,0,0,0,1,0,0,0,0,0,0,0,0
352,95000,7.01301578963963,200,616,1,0,0,0,0,0,0,0,0,0,0,1,0,0,0,0,0,0,0,0
95,185000,7.293017679772782,420,680,0,1,0,0,0,0,1,0,0,0,0,0,1,0,0,0,0,0,0,0
625,160000,7.017506142941256,440,1116,0,1,0,0,0,0,0,0,0,0,0,1,0,0,0,0,0,0,0,0
571,120000,6.761572768804055,288,864,0,1,0,0,0,0,0,0,0,0,1,0,0,0,0,0,0,0,0,0
37,153000,7.167809184316444,498,1297,1,0,0,0,0,0,0,0,0,0,0,1,0,0,0,0,0,0,0,0
485,147000,7.014814351275545,264,1113,1,0,0,0,0,0,0,0,0,0,0,1,0,0,0,0,0,0,0,0
143,204000,7.313886831633462,577,1490,0,0,1,0,0,0,1,0,0,0,0,0,1,0,0,0,0,0,0,0
762,215200,7.344072850573066,614,756,0,0,1,0,0,0,1,0,0,0,0,0,0,1,0,0,0,0,0,0
158,254900,7.5740450053721995,678,991,0,0,1,0,0,0,1,0,0,0,0,0,0,0,1,0,0,0,0,0
552,255500,7.448333860897476,908,1709,0,0,0,1,0,0,1,0,0,0,0,0,0,1,0,0,0,0,0,0
818,155000,6.9584483932976555,440,1010,0,1,0,0,0,0,0,0,0,0,0,0,1,0,0,0,0,0,0,0
792,269790,7.607381425639791,455,1117,0,0,1,0,0,0,1,0,0,0,0,0,0,0,1,0,0,0,0,0
982,159895,7.143617602704121,388,1266,0,0,1,0,0,0,1,0,0,0,0,0,1,0,0,0,0,0,0,0
746,236000,7.721348612617949,554,952,0,0,1,0,0,0,1,0,0,0,0,0,0,0,1,0,0,0,0,0
236,185500,7.254177846456518,494,1414,0,0,1,0,0,0,1,0,0,0,0,0,1,0,0,0,0,0,0,0
920,201000,7.450660796211539,471,928,0,1,0,0,0,0,1,0,0,0,0,0,0,1,0,0,0,0,0,0
222,179900,7.347299700743164,434,713,0,1,0,0,0,0,1,0,0,0,0,0,1,0,0,0,0,0,0,0
1279,68400,7.028201432058005,528,698,0,0,0,0,0,0,0,0,0,0,0,0,1,0,0,0,0,0,0,0
1170,171000,7.0192966537150445,358,1096,0,1,0,0,0,0,0,0,0,0,0,0,1,0,0,0,0,0,0,0
940,150900,7.454719949364001,574,1728,0,1,0,0,0,0,1,0,0,0,0,0,0,0,1,0,0,0,0,0
661,402000,7.803026643632217,711,1629,0,0,0,1,0,0,1,0,0,0,0,0,0,0,1,0,0,0,0,0
588,143000,7.29505641646263,452,1437,1,0,0,0,0,0,0,0,0,0,0,1,0,0,0,0,0,0,0,0
881,187500,7.448333860897476,400,1156,0,0,1,0,0,0,1,0,0,0,0,0,0,1,0,0,0,0,0,0
1258,190000,7.061334366910438,400,856,0,0,1,0,0,0,1,0,0,0,0,1,0,0,0,0,0,0,0,0
62,202500,7.222566018822171,484,1370,0,0,0,1,0,0,1,0,0,0,0,0,1,0,0,0,0,0,0,0
1277,197900,7.452402451223638,480,1680,0,1,0,0,0,0,0,0,0,0,0,0,0,1,0,0,0,0,0,0
193,130000,7.443663683115591,380,970,0,0,1,0,0,0,1,0,0,0,0,0,0,1,0,0,0,0,0,0
235,89500,6.894670039433482,264,483,0,1,0,0,0,0,0,0,0,0,0,1,0,0,0,0,0,0,0,0
181,200100,7.496652438168283,216,793,0,0,1,0,0,0,0,0,0,0,0,0,0,0,0,1,0,0,0,0
1174,239000,7.76004068088038,360,952,0,1,0,0,0,0,1,0,0,0,0,0,0,0,0,1,0,0,0,0
892,154500,6.97354301952014,264,1059,0,1,0,0,0,0,0,0,0,0,0,0,1,0,0,0,0,0,0,0
923,193000,7.388327859577107,533,1604,0,1,0,0,0,0,1,0,0,0,0,1,0,0,0,0,0,0,0,0
521,150000,7.126087273299125,336,1244,0,1,0,0,0,0,0,0,0,0,0,0,1,0,0,0,0,0,0,0
669,137500,7.07326971745971,252,700,0,0,0,0,0,0,0,0,0,0,0,1,0,0,0,0,0,0,0,0
829,147400,7.109062135687172,480,600,0,0,1,0,0,0,1,0,0,0,1,0,0,0,0,0,0,0,0,0
924,207500,7.430114138561801,612,1686,0,1,0,0,0,0,1,0,0,0,0,0,0,1,0,0,0,0,0,0
1027,293077,7.406103381237015,800,1638,0,0,0,1,0,0,1,0,0,0,0,0,0,1,0,0,0,0,0,0
733,131400,7.042286171939743,264,864,1,0,0,0,0,0,0,0,0,0,0,0,1,0,0,0,0,0,0,0
382,213500,7.493873886783559,639,939,0,0,1,0,0,0,1,0,0,0,0,0,0,0,1,0,0,0,0,0
1354,235000,7.5310163320779155,839,992,0,0,1,0,0,0,1,0,0,0,0,0,0,1,0,0,0,0,0,0
331,139000,6.962243464266207,308,1056,1,0,0,0,0,0,0,0,0,0,0,0,1,0,0,0,0,0,0,0
262,151000,7.10002716662926,492,506,0,1,0,0,0,0,0,0,0,0,0,0,1,0,0,0,0,0,0,0
6,307000,7.434847875211999,636,1686,0,0,0,1,0,0,1,0,0,0,0,0,0,1,0,0,0,0,0,0
266,185000,7.32052696227274,413,802,0,1,0,0,0,0,1,0,0,0,0,0,0,0,1,0,0,0,0,0
38,109000,6.963189985870238,246,1057,1,0,0,0,0,0,0,0,0,0,0,1,0,0,0,0,0,0,0,0
1416,122500,7.736307096548285,560,777,0,0,0,0,0,0,1,0,0,0,0,0,0,0,0,0,1,0,0,0
545,229000,7.688455356549944,786,1204,0,0,1,0,0,0,1,0,0,0,0,0,0,0,0,1,0,0,0,0
652,191000,7.447751280047908,512,880,0,0,1,0,0,0,1,0,0,0,0,0,0,1,0,0,0,0,0,0
785,161500,7.201916317531627,457,1372,0,1,0,0,0,0,1,0,0,0,0,0,0,1,0,0,0,0,0,0
1023,191000,7.315883504509785,437,1346,0,0,1,0,0,0,1,0,0,0,0,0,0,1,0,0,0,0,0,0
105,250000,7.596894438144544,648,1053,0,0,0,1,0,0,1,0,0,0,0,0,0,0,0,1,0,0,0,0
1091,160000,7.132497551660044,462,600,0,0,1,0,0,0,1,0,0,0,1,0,0,0,0,0,0,0,0,0
484,132500,6.906754778648554,264,999,1,0,0,0,0,0,0,0,0,0,0,0,1,0,0,0,0,0,0,0
1408,125500,7.217443431696533,528,622,0,0,0,0,0,0,0,0,0,0,0,0,1,0,0,0,0,0,0,0
842,174900,7.060476365999801,490,1127,0,1,0,0,0,0,0,0,0,0,0,0,1,0,0,0,0,0,0,0
683,285000,7.419380582918692,702,1626,0,0,0,0,1,0,1,0,0,0,0,0,0,1,0,0,0,0,0,0
20,325300,7.773173680482536,853,1158,0,0,0,1,0,0,0,1,0,0,0,0,0,0,0,1,0,0,0,0
242,79000,7.272398392570047,352,540,1,0,0,0,0,0,0,0,0,0,0,0,1,0,0,0,0,0,0,0
50,177000,7.293017679772782,388,794,0,1,0,0,0,0,1,0,0,0,0,0,1,0,0,0,0,0,0,0
162,220000,7.340186835320115,532,1541,0,0,1,0,0,0,1,0,0,0,0,0,0,1,0,0,0,0,0,0
441,118000,7.272398392570047,0,1440,0,0,0,0,0,0,1,0,0,0,0,0,0,0,1,0,0,0,0,0
731,187500,7.044032897274685,438,868,0,0,1,0,0,0,1,0,0,0,0,0,1,0,0,0,0,0,0,0
764,270000,7.309212365692763,481,1494,0,0,0,1,0,0,0,0,0,0,0,0,1,0,0,0,0,0,0,0
877,350000,7.707062655370473,738,1462,0,0,0,0,1,0,1,0,0,0,0,0,0,0,0,0,0,0,0,0
1178,154900,7.202661196523238,186,731,1,0,0,0,0,0,0,0,0,0,0,0,0,1,0,0,0,0,0,0
301,267000,7.804659297056102,683,1028,0,0,0,1,0,0,1,0,0,0,0,0,0,0,0,1,0,0,0,0
1052,165000,7.589335823170617,540,816,0,1,0,0,0,0,0,0,0,0,0,0,0,0,0,1,0,0,0,0
172,239000,7.4770384723196965,504,1064,0,0,1,0,0,0,1,0,0,0,0,1,0,0,0,0,0,0,0,0
707,254000,7.188412736496954,550,1324,0,0,0,1,0,0,1,0,0,0,0,0,1,0,0,0,0,0,0,0
658,97500,7.284820912568604,330,912,0,1,0,0,0,0,0,0,0,0,0,0,1,0,0,0,0,0,0,0
1095,176432,7.1808311990445555,440,1314,0,1,0,0,0,0,1,0,0,0,0,0,1,0,0,0,0,0,0,0
284,179200,7.362010551259734,529,1575,0,1,0,0,0,0,1,0,0,0,0,1,0,0,0,0,0,0,0,0
1036,315500,7.3901814282264295,912,1620,0,0,0,0,1,0,1,0,0,0,0,0,1,0,0,0,0,0,0,0
1262,161500,7.488852955733459,304,1104,0,0,0,0,0,0,0,0,0,0,0,0,0,0,1,0,0,0,0,0
1445,129000,6.816735880594968,240,814,0,1,0,0,0,0,0,0,0,0,0,0,1,0,0,0,0,0,0,0
1456,210000,7.636752112435779,500,1542,0,1,0,0,0,0,1,0,0,0,0,0,0,1,0,0,0,0,0,0
1191,174000,7.273092595999522,492,776,0,0,0,1,0,0,1,0,0,0,0,1,0,0,0,0,0,0,0,0
1197,144000,7.432483807917119,225,815,0,0,1,0,0,0,0,0,0,0,0,0,0,1,0,0,0,0,0,0
668,168000,7.270312886079025,576,1188,1,0,0,0,0,0,0,0,0,0,0,0,1,0,0,0,0,0,0,0
1346,262500,7.6760099320288875,508,1568,0,0,1,0,0,0,1,0,0,0,0,0,0,0,0,1,0,0,0,0
210,98000,6.761572768804055,0,864,1,0,0,0,0,0,0,0,0,0,0,1,0,0,0,0,0,0,0,0
344,85000,7.013915474810528,336,536,1,0,0,0,0,0,0,0,0,0,1,0,0,0,0,0,0,0,0,0
306,225000,7.715569534520208,746,700,0,0,1,0,0,0,1,0,0,0,0,0,0,0,1,0,0,0,0,0
217,107000,7.191429330036379,210,686,0,0,0,0,0,0,0,0,0,0,0,0,0,0,1,0,0,0,0,0
1432,64500,6.875232087276577,216,656,0,0,0,0,0,0,1,0,0,0,0,1,0,0,0,0,0,0,0,0
289,153575,7.241366283322318,384,698,0,1,0,0,0,0,0,0,0,0,0,0,0,1,0,0,0,0,0,0
378,394432,7.526178913346146,834,1856,0,0,0,0,1,0,0,0,0,0,0,0,0,0,1,0,0,0,0,0
167,325624,7.6783263565068856,789,1582,0,0,0,1,0,0,0,0,0,0,0,0,0,0,1,0,0,0,0,0
421,215000,7.379008127628304,529,1602,0,1,0,0,0,0,1,0,0,0,0,0,0,0,1,0,0,0,0,0
225,112000,7.171656822768514,280,630,1,0,0,0,0,0,1,0,0,0,0,0,1,0,0,0,0,0,0,0
616,183200,7.319202458767849,393,783,0,1,0,0,0,0,1,0,0,0,0,0,0,1,0,0,0,0,0,0
12,144000,6.815639990074331,352,912,1,0,0,0,0,0,0,0,0,0,1,0,0,0,0,0,0,0,0,0
522,159000,7.416979621381154,420,1004,0,1,0,0,0,0,1,0,0,0,0,0,0,1,0,0,0,0,0,0
1092,136500,7.434847875211999,576,1181,0,1,0,0,0,0,1,0,0,0,0,0,0,1,0,0,0,0,0,0
68,80000,6.616065185132817,220,747,0,0,0,0,0,0,0,0,0,0,1,0,0,0,0,0,0,0,0,0
1188,195000,7.414572881350589,493,831,0,0,1,0,0,0,1,0,0,0,0,0,0,1,0,0,0,0,0,0
380,127000,7.43307534889858,308,1026,1,0,0,0,0,0,1,0,0,0,0,0,1,0,0,0,0,0,0,0
950,129000,6.761572768804055,720,864,1,0,0,0,0,0,0,0,0,0,0,1,0,0,0,0,0,0,0,0
372,125000,6.62273632394984,264,744,0,1,0,0,0,0,0,0,0,0,1,0,0,0,0,0,0,0,0,0
258,231500,7.491087593534876,564,963,0,0,1,0,0,0,1,0,0,0,0,0,0,1,0,0,0,0,0,0
1236,175500,7.3938782901077555,474,764,0,0,1,0,0,0,1,0,0,0,0,0,1,0,0,0,0,0,0,0
1239,265900,7.302496423727326,472,1476,0,0,0,1,0,0,1,0,0,0,0,0,1,0,0,0,0,0,0,0
1305,325000,7.409741954080923,840,1652,0,0,0,0,1,0,1,0,0,0,0,0,1,0,0,0,0,0,0,0
410,60000,7.151485463904735,350,1276,1,0,0,0,0,0,0,0,0,0,0,1,0,0,0,0,0,0,0,0
1411,140000,7.419380582918692,271,856,0,1,0,0,0,0,0,0,0,0,0,0,1,0,0,0,0,0,0,0
970,135000,7.083387847625295,0,720,0,0,0,0,0,0,0,0,0,0,0,0,1,0,0,0,0,0,0,0
42,144000,6.784457062637643,504,840,1,0,0,0,0,0,0,0,0,0,0,1,0,0,0,0,0,0,0,0
208,277000,7.631431664576906,454,1157,0,0,1,0,0,0,1,0,0,0,0,0,0,1,0,0,0,0,0,0
974,167500,7.610357618312838,532,728,0,0,1,0,0,0,0,0,0,0,0,0,0,0,1,0,0,0,0,0
490,115000,7.1731917424865985,336,264,1,0,0,0,0,0,0,0,0,0,1,0,0,0,0,0,0,0,0,0
596,114504,7.221105098182496,216,684,0,1,0,0,0,0,0,0,0,0,0,0,0,1,0,0,0,0,0,0
74,107400,7.380879035564116,379,840,0,0,0,0,0,1,1,0,0,0,0,0,0,0,1,0,0,0,0,0
515,402861,7.61085279039525,900,2006,0,0,0,0,0,1,1,0,0,0,0,0,0,0,0,1,0,0,0,0
285,164700,7.1308988302963465,528,625,0,0,1,0,0,0,1,0,0,0,0,1,0,0,0,0,0,0,0,0
1187,262000,7.392647520721623,757,1624,0,0,0,1,0,0,1,0,0,0,0,1,0,0,0,0,0,0,0,0
71,129500,6.739336627357174,360,845,0,0,0,0,0,0,0,0,0,0,1,0,0,0,0,0,0,0,0,0
561,170000,7.236339342754344,418,1389,1,0,0,0,0,0,0,0,0,0,0,0,1,0,0,0,0,0,0,0
179,100000,6.875232087276577,480,968,1,0,0,0,0,0,0,0,0,0,0,1,0,0,0,0,0,0,0,0
915,75000,6.9957661563048505,286,546,0,0,0,0,0,0,0,0,0,0,0,0,1,0,0,0,0,0,0,0
1368,144000,6.742880635791903,420,848,0,1,0,0,0,0,0,0,0,0,1,0,0,0,0,0,0,0,0,0
493,155000,7.1459844677143876,308,1269,1,0,0,0,0,0,0,0,0,0,0,0,1,0,0,0,0,0,0,0
116,139000,6.9957661563048505,288,1092,1,0,0,0,0,0,0,0,0,0,0,0,1,0,0,0,0,0,0,0
293,235000,7.724446645633537,539,795,0,0,1,0,0,0,1,0,0,0,0,0,0,0,0,1,0,0,0,0
76,135750,6.858565034791365,283,952,0,0,0,0,0,0,0,0,0,0,1,0,0,0,0,0,0,0,0,0
48,113000,7.280697195384741,0,736,0,0,0,0,0,0,1,0,0,0,0,0,0,0,1,0,0,0,0,0
861,131500,6.946013991099227,504,1039,1,0,0,0,0,0,0,0,0,0,0,0,1,0,0,0,0,0,0,0
775,162000,7.093404625868766,412,1204,0,1,0,0,0,0,1,0,0,0,0,1,0,0,0,0,0,0,0,0
772,107000,7.018401799069201,672,1029,0,1,0,0,0,0,0,0,0,0,0,0,1,0,0,0,0,0,0,0
1005,149900,6.892641641172089,328,985,1,0,0,0,0,0,1,0,0,0,0,0,1,0,0,0,0,0,0,0
576,145000,7.29776828253138,216,861,0,0,1,0,0,0,1,0,0,0,0,0,1,0,0,0,0,0,0,0
622,135000,6.887552571664617,484,980,1,0,0,0,0,0,0,0,0,0,0,0,1,0,0,0,0,0,0,0
564,268000,7.738488122494646,590,1095,0,0,1,0,0,0,1,0,0,0,0,0,0,0,0,1,0,0,0,0
1012,165000,7.31455283232408,180,602,0,1,0,0,0,0,0,0,0,0,0,0,0,1,0,0,0,0,0,0
1423,274970,7.696667081526462,432,697,0,1,0,0,0,0,1,0,0,0,0,0,0,0,1,0,0,0,0,0
409,339750,7.639161171659173,836,1034,0,0,0,1,0,0,1,0,0,0,0,0,0,0,1,0,0,0,0,0
636,60000,6.684611727667927,0,264,0,0,0,0,0,1,0,0,0,0,1,0,0,0,0,0,0,0,0,0
1451,287090,7.363913501405819,840,1573,0,0,0,1,0,0,1,0,0,0,0,0,0,1,0,0,0,0,0,0
1437,394617,7.566311014772463,774,1932,0,0,0,1,0,0,1,0,0,0,0,0,0,1,0,0,0,0,0,0
1229,127000,7.317876198626496,404,1075,1,0,0,0,0,0,1,0,0,0,0,0,0,1,0,0,0,0,0,0
288,122000,6.802394763324311,280,882,1,0,0,0,0,0,0,0,0,0,0,1,0,0,0,0,0,0,0,0
994,337500,7.4489161025442,786,1700,0,0,0,0,0,1,1,0,0,0,0,0,0,1,0,0,0,0,0,0
630,124000,7.4673710669175595,240,636,1,0,0,0,0,0,0,0,0,0,0,0,0,0,1,0,0,0,0,0
524,315750,7.7823903355874595,834,1379,0,0,1,0,0,0,1,0,0,0,0,0,0,0,1,0,0,0,0,0
157,269500,7.584773077612199,680,774,0,0,0,1,0,0,1,0,0,0,0,0,0,0,1,0,0,0,0,0
337,214000,7.336936913707618,532,1536,0,0,1,0,0,0,1,0,0,0,0,0,0,1,0,0,0,0,0,0
1380,58500,6.761572768804055,200,864,0,0,0,0,0,1,0,0,0,0,0,1,0,0,0,0,0,0,0,0
46,239686,7.67275789664251,670,1434,0,0,1,0,0,0,0,0,0,0,0,0,1,0,0,0,0,0,0,0
747,265979,7.878534196140362,864,1240,0,0,1,0,0,0,0,0,0,0,0,0,0,0,1,0,0,0,0,0
135,174000,7.427738840532894,530,1304,0,0,1,0,0,0,1,0,0,0,0,0,0,1,0,0,0,0,0,0
753,275500,7.6487397889562425,878,1030,0,0,0,1,0,0,1,0,0,0,0,0,0,0,1,0,0,0,0,0
462,62383,6.761572768804055,360,864,1,0,0,0,0,0,0,0,0,0,0,1,0,0,0,0,0,0,0,0
953,172000,7.584773077612199,530,784,1,0,0,0,0,0,1,0,0,0,0,0,0,1,0,0,0,0,0,0
862,152000,7.00033446027523,480,1040,0,1,0,0,0,0,1,0,0,0,0,0,1,0,0,0,0,0,0,0
439,110000,7.086737934510577,528,684,0,1,0,0,0,0,0,0,0,0,0,0,0,1,0,0,0,0,0,0
177,172500,7.560080465021827,451,1052,1,0,0,0,0,0,1,0,0,0,0,0,0,0,1,0,0,0,0,0
570,142600,7.454719949364001,576,1728,1,0,0,0,0,0,1,0,0,0,0,0,0,0,0,0,0,0,0,0
1278,237000,7.616283561580385,577,1128,0,0,0,1,0,0,1,0,0,0,0,0,0,1,0,0,0,0,0,0
424,139000,7.086737934510577,297,1196,0,1,0,0,0,0,0,0,0,0,0,0,1,0,0,0,0,0,0,0
325,87000,6.688354713946762,360,720,1,0,0,0,0,0,0,0,0,0,0,1,0,0,0,0,0,0,0,0
643,152000,7.3901814282264295,462,780,1,0,0,0,0,0,1,0,0,0,0,0,0,1,0,0,0,0,0,0
350,318061,7.533158807455563,617,1869,0,0,0,0,1,0,1,0,0,0,0,0,1,0,0,0,0,0,0,0
447,199900,7.542213463193403,431,930,0,0,1,0,0,0,1,0,0,0,0,0,0,0,0,0,0,0,0,0
916,35311,6.173786103901937,308,480,0,0,0,0,0,1,0,0,1,0,1,0,0,0,0,0,0,0,0,0
1332,100000,6.704414354964107,288,816,0,0,0,0,0,0,0,0,0,1,0,0,0,0,0,0,0,0,0,0
1099,157000,7.3783837129967145,478,1271,0,0,1,0,0,0,1,0,0,0,0,0,0,1,0,0,0,0,0,0
1433,186500,7.491087593534876,451,936,0,1,0,0,0,0,1,0,0,0,0,0,0,0,1,0,0,0,0,0
1032,310000,7.832014180505469,796,1338,0,0,0,1,0,0,1,0,0,0,0,0,0,0,0,0,0,0,0,0
946,143000,7.042286171939743,796,1144,1,0,0,0,0,0,0,0,0,0,0,0,1,0,0,0,0,0,0,0
1360,189000,7.8636512654486515,621,612,1,0,0,0,0,0,0,1,0,0,0,0,0,0,1,0,0,0,0,0
345,140200,7.3632795869630385,312,972,0,1,0,0,0,0,0,0,0,0,0,0,1,0,0,0,0,0,0,0
475,132500,6.877296071497429,624,970,1,0,0,0,0,0,0,0,0,0,0,1,0,0,0,0,0,0,0,0
754,156000,6.933423025730715,440,1026,0,1,0,0,0,0,0,0,0,0,0,1,0,0,0,0,0,0,0,0
1123,118000,6.548219102762372,0,698,1,0,0,0,0,0,0,0,0,0,1,0,0,0,0,0,0,0,0,0
451,280000,7.334981878871814,576,1533,0,0,1,0,0,0,1,0,0,0,0,1,0,0,0,0,0,0,0,0
170,128500,7.231287004327616,660,720,1,0,0,0,0,0,0,0,0,0,0,0,0,1,0,0,0,0,0,0
699,196000,7.237778191923443,530,1391,0,0,1,0,0,0,1,0,0,0,0,1,0,0,0,0,0,0,0,0
1458,142125,6.982862751468942,240,1078,1,0,0,0,0,0,0,0,0,0,0,1,0,0,0,0,0,0,0,0
133,220000,7.16703787691222,471,1267,0,0,0,1,0,0,1,0,0,0,0,0,1,0,0,0,0,0,0,0
813,157900,7.273786317844895,301,1442,0,1,0,0,0,0,0,0,0,0,0,0,0,1,0,0,0,0,0,0
1234,130000,7.582738488914411,0,940,1,0,0,0,0,0,0,0,0,0,0,0,0,1,0,0,0,0,0,0
1165,233170,7.31455283232408,644,1502,0,0,1,0,0,0,1,0,0,0,0,0,0,1,0,0,0,0,0,0
830,166000,7.238496840894365,458,1392,0,1,0,0,0,0,0,0,0,0,0,0,1,0,0,0,0,0,0,0
78,136500,7.477604243197589,0,1768,0,0,0,0,0,0,1,0,0,0,0,0,0,0,1,0,0,0,0,0
1287,190000,7.366445148327599,390,1624,1,0,0,0,0,0,1,0,0,0,0,0,0,1,0,0,0,0,0,0
346,151500,6.86484777797086,301,958,0,1,0,0,0,0,0,0,0,0,0,1,0,0,0,0,0,0,0,0
396,123000,6.795705775173514,600,894,1,0,0,0,0,0,0,0,0,0,0,0,1,0,0,0,0,0,0,0
1193,165000,7.1098794630722715,402,1224,0,1,0,0,0,0,1,0,0,0,0,1,0,0,0,0,0,0,0,0
389,426000,7.754481547470383,846,1682,0,0,0,0,0,1,1,0,0,0,0,0,0,0,0,1,0,0,0,0
385,192000,7.1459844677143876,430,1256,0,0,0,1,0,0,1,0,0,0,0,0,1,0,0,0,0,0,0,0
1347,283463,7.4821189235521155,712,1732,0,0,0,1,0,0,1,0,0,0,0,0,0,1,0,0,0,0,0,0
119,163990,7.283448228756631,390,728,0,1,0,0,0,0,1,0,0,0,0,0,0,0,1,0,0,0,0,0
1103,159500,7.085064293952548,539,655,0,1,0,0,0,0,0,0,0,0,0,0,1,0,0,0,0,0,0,0
1113,134500,6.915723448631314,240,1008,1,0,0,0,0,0,0,0,0,0,0,0,1,0,0,0,0,0,0,0
229,192500,7.349230824613334,430,1373,0,0,1,0,0,0,1,0,0,0,0,0,0,1,0,0,0,0,0,0
1235,138887,7.486613313139955,180,747,1,0,0,0,0,0,0,0,0,0,0,0,0,0,0,1,0,0,0,0
21,139400,7.010311867307229,280,637,0,0,1,0,0,0,0,0,0,0,0,0,1,0,0,0,0,0,0,0
1379,167500,7.2399325913204695,400,384,1,0,0,0,0,0,1,0,0,0,0,0,0,1,0,0,0,0,0,0
766,196500,7.446585099157725,496,980,0,0,1,0,0,0,1,0,0,0,0,0,0,1,0,0,0,0,0,0
250,76500,7.174724309836376,0,728,0,0,0,0,0,1,0,0,0,0,0,0,1,0,0,0,0,0,0,0
243,120000,7.104144092987527,288,626,0,1,0,0,0,0,0,0,0,0,0,0,1,0,0,0,0,0,0,0
1079,126000,6.897704943128636,299,990,1,0,0,0,0,0,0,0,0,0,0,1,0,0,0,0,0,0,0,0
35,309000,7.804659297056102,691,1117,0,0,0,1,0,0,0,1,0,0,0,0,0,0,0,1,0,0,0,0
593,140000,6.742880635791903,420,848,0,1,0,0,0,0,0,0,0,0,1,0,0,0,0,0,0,0,0,0
671,103600,7.221835825288449,300,672,0,1,0,0,0,0,1,0,0,0,0,0,1,0,0,0,0,0,0,0
507,208300,7.1049654482698426,676,1218,0,1,0,0,0,0,1,0,0,0,1,0,0,0,0,0,0,0,0,0
1440,191000,7.845807502637805,672,588,0,1,0,0,0,0,1,0,0,0,0,0,0,0,0,0,1,0,0,0
1089,197000,7.1284959456800365,550,1247,0,0,0,1,0,0,0,0,0,0,1,0,0,0,0,0,0,0,0,0
1181,392500,7.409741954080923,482,1600,0,0,0,1,0,0,1,0,0,0,0,1,0,0,0,0,0,0,0,0
109,190000,7.519692404116539,546,1844,0,1,0,0,0,0,1,0,0,0,0,0,0,1,0,0,0,0,0,0
937,253000,7.58629630715272,689,1113,0,0,1,0,0,0,1,0,0,0,0,0,0,0,1,0,0,0,0,0
379,179000,7.495541943884256,463,982,0,1,0,0,0,0,1,0,0,0,0,0,0,1,0,0,0,0,0,0
869,236000,7.575071699507561,574,1050,0,0,1,0,0,0,1,0,0,0,0,0,0,0,1,0,0,0,0,0
614,75500,6.4457198193855785,0,630,0,0,0,0,0,0,0,0,0,1,0,0,0,0,0,0,0,0,0,0
604,221000,7.309212365692763,530,1494,0,0,1,0,0,0,1,0,0,0,0,0,1,0,0,0,0,0,0,0
968,37900,6.875232087276577,0,600,0,0,0,0,0,1,0,0,0,0,0,0,1,0,0,0,0,0,0,0
1311,203000,7.149916836132109,508,1274,0,0,1,0,0,0,1,0,0,0,0,0,1,0,0,0,0,0,0,0
627,153000,7.326465613840322,364,1156,0,1,0,0,0,0,0,0,0,0,0,0,0,1,0,0,0,0,0,0
796,143500,7.158513997329321,528,660,0,1,0,0,0,0,0,0,0,0,0,0,0,1,0,0,0,0,0,0
902,180000,7.319202458767849,393,783,0,0,1,0,0,0,1,0,0,0,0,0,0,0,1,0,0,0,0,0
660,197900,7.5678626054638825,550,793,0,0,1,0,0,0,1,0,0,0,0,0,0,1,0,0,0,0,0,0
582,118500,6.704414354964107,0,816,0,1,0,0,0,0,0,0,0,0,0,1,0,0,0,0,0,0,0,0
936,184900,7.090076835776092,555,1176,0,0,1,0,0,0,1,0,0,0,0,1,0,0,0,0,0,0,0,0
723,135000,7.293017679772782,548,941,0,0,0,0,0,0,1,0,0,0,0,0,0,1,0,0,0,0,0,0
171,215000,7.412160334945205,528,1080,0,1,0,0,0,0,0,0,0,0,0,0,0,1,0,0,0,0,0,0
677,109500,6.674561391814426,240,768,1,0,0,0,0,0,0,0,0,0,0,1,0,0,0,0,0,0,0,0
238,318000,7.434847875211999,818,1694,0,0,0,1,0,0,1,0,0,0,0,0,0,1,0,0,0,0,0,0
700,312500,7.495541943884256,765,1800,0,0,0,1,0,0,1,0,0,0,0,0,0,1,0,0,0,0,0,0
1062,90000,7.756623334538858,560,662,1,0,0,0,0,0,1,0,0,0,0,0,0,0,0,0,0,0,0,0
1222,143000,7.520776415062797,315,1040,0,1,0,0,0,0,1,0,0,0,0,0,0,1,0,0,0,0,0,0
856,147000,6.933423025730715,576,940,0,1,0,0,0,0,0,0,0,0,0,1,0,0,0,0,0,0,0,0
709,109900,6.806829360392176,408,876,1,0,0,0,0,0,0,0,0,0,0,0,1,0,0,0,0,0,0,0
1434,160000,7.026426808699636,484,1126,1,0,0,0,0,0,1,0,0,0,0,1,0,0,0,0,0,0,0,0
321,354000,7.811163385025279,872,1136,0,0,0,1,0,0,1,0,0,0,0,0,0,0,0,0,0,0,0,0
120,180000,6.895682697747868,540,938,0,1,0,0,0,0,0,0,0,0,1,0,0,0,0,0,0,0,0,0
1295,138500,6.9584483932976555,288,1052,1,0,0,0,0,0,0,0,0,0,0,1,0,0,0,0,0,0,0,0
155,79000,6.999422467507961,0,572,0,1,0,0,0,0,0,0,0,0,0,1,0,0,0,0,0,0,0,0
1238,142500,7.039660349862076,484,1141,0,1,0,0,0,0,0,0,0,0,0,0,1,0,0,0,0,0,0,0
624,165150,7.489970898834801,484,732,0,1,0,0,0,0,0,0,0,0,0,0,0,0,1,0,0,0,0,0
138,230000,7.524021415206125,660,1004,0,0,0,1,0,0,1,0,0,0,0,0,0,1,0,0,0,0,0,0
125,84500,6.625392368007956,0,520,0,1,0,0,0,0,0,0,0,0,0,1,0,0,0,0,0,0,0,0
456,98000,7.203405521083095,513,624,1,0,0,0,0,0,0,0,0,0,0,0,0,1,0,0,0,0,0,0
66,180000,7.699389406256737,576,1947,0,0,1,0,0,0,1,0,0,0,0,0,0,1,0,0,0,0,0,0
848,240000,7.765569081097317,360,907,0,1,0,0,0,0,0,1,0,0,0,0,0,0,0,0,0,0,0,0
745,299800,7.906547232368036,831,1142,0,0,0,1,0,0,0,1,0,0,0,0,0,0,0,0,1,0,0,0
1056,185850,7.218176838403408,484,1364,0,0,1,0,0,0,1,0,0,0,0,0,1,0,0,0,0,0,0,0
780,176000,7.133295954896068,402,1237,0,0,1,0,0,0,1,0,0,0,0,0,1,0,0,0,0,0,0,0
1286,143000,7.191429330036379,528,1328,0,1,0,0,0,0,0,0,0,0,0,0,1,0,0,0,0,0,0,0
626,139900,7.259819610363186,286,978,1,0,0,0,0,0,0,0,0,0,0,0,1,0,0,0,0,0,0,0
605,205000,7.593877844605118,486,768,0,0,1,0,0,0,1,0,0,0,0,0,0,1,0,0,0,0,0,0
1443,121000,6.858565034791365,192,952,0,1,0,0,0,0,0,0,0,0,1,0,0,0,0,0,0,0,0,0
1209,290000,7.414572881350589,500,1660,0,0,0,1,0,0,1,0,0,0,0,0,0,0,1,0,0,0,0,0
1376,91000,6.672032945461067,160,768,0,1,0,0,0,0,0,0,0,0,1,0,0,0,0,0,0,0,0,0
415,181134,7.200424892944957,396,1340,0,0,1,0,0,0,1,0,0,0,0,0,1,0,0,0,0,0,0,0
100,205000,7.383989457978509,480,1610,0,1,0,0,0,0,1,0,0,0,0,0,1,0,0,0,0,0,0,0
1230,190000,7.8709295967551425,600,1361,1,0,0,0,0,0,1,0,0,0,0,0,0,0,0,0,1,0,0,0
219,167240,7.129297548929373,438,1248,0,0,1,0,0,0,1,0,0,0,0,1,0,0,0,0,0,0,0,0
741,142000,6.815639990074331,288,912,0,1,0,0,0,0,0,0,0,0,0,1,0,0,0,0,0,0,0,0
334,192000,7.401231264413015,472,943,0,1,0,0,0,0,1,0,0,0,0,0,0,1,0,0,0,0,0,0
114,259500,7.749322464660356,180,1028,0,1,0,0,0,0,1,0,0,0,0,0,0,0,0,1,0,0,0,0
834,139950,7.042286171939743,456,1144,1,0,0,0,0,0,0,0,0,0,0,0,1,0,0,0,0,0,0,0
681,159434,7.326465613840322,281,793,1,0,0,0,0,0,0,0,0,0,0,0,1,0,0,0,0,0,0,0
833,167000,7.323830566202317,472,1516,0,1,0,0,0,0,0,0,0,0,0,0,1,0,0,0,0,0,0,0
220,204900,7.311886164077165,675,1498,0,0,1,0,0,0,1,0,0,0,0,1,0,0,0,0,0,0,0,0
391,215000,7.581209826196346,560,804,0,1,0,0,0,0,1,0,0,0,0,0,0,1,0,0,0,0,0,0
1344,155835,7.283448228756631,440,728,0,0,1,0,0,0,1,0,0,0,0,0,0,0,1,0,0,0,0,0
939,244400,7.784473235736469,349,1032,0,0,1,0,0,0,1,0,0,0,0,0,0,0,0,0,0,0,0,0
309,360000,7.572502985020384,708,1896,0,0,0,0,1,0,1,0,0,0,0,0,0,0,1,0,0,0,0,0
1306,202500,7.221105098182496,474,1368,0,0,1,0,0,0,1,0,0,0,0,0,1,0,0,0,0,0,0,0
1366,193000,7.489970898834801,588,873,0,0,1,0,0,0,1,0,0,0,0,0,0,1,0,0,0,0,0,0
527,446261,7.905810312658931,858,1452,0,0,0,0,1,0,1,0,0,0,0,0,0,0,0,0,1,0,0,0
1010,135000,7.147559271189454,312,720,1,0,0,0,0,0,1,0,0,0,0,0,0,1,0,0,0,0,0,0
245,241500,7.534762657037537,604,1845,0,0,1,0,0,0,1,0,0,0,0,0,1,0,0,0,0,0,0,0
685,207500,7.644919344958857,577,1190,0,0,1,0,0,0,1,0,0,0,0,0,1,0,0,0,0,0,0,0
518,211000,7.493317248862145,546,794,0,1,0,0,0,0,1,0,0,0,0,0,0,1,0,0,0,0,0,0
1050,176485,7.171656822768514,436,1302,0,0,1,0,0,0,1,0,0,0,0,0,1,0,0,0,0,0,0,0
1370,105000,7.2254814727822945,338,840,0,0,0,0,0,0,0,0,0,0,0,0,1,0,0,0,0,0,0,0
971,173000,7.3938782901077555,474,764,0,0,1,0,0,0,1,0,0,0,0,0,1,0,0,0,0,0,0,0
394,109000,6.9411900550683745,240,735,1,0,0,0,0,0,0,0,0,0,0,1,0,0,0,0,0,0,0,0
640,274000,7.325148957955575,588,1518,0,0,0,1,0,0,0,0,0,0,0,0,1,0,0,0,0,0,0,0
104,169500,7.505492274737424,240,1040,0,0,1,0,0,0,0,0,0,0,0,0,0,1,0,0,0,0,0,0
815,224900,7.415175109613295,598,1649,0,0,1,0,0,0,1,0,0,0,0,0,1,0,0,0,0,0,0,0
1059,220000,7.596392304064196,432,854,0,1,0,0,0,0,0,0,0,0,0,0,0,1,0,0,0,0,0,0
1149,143000,7.301147805856032,324,650,0,0,1,0,0,0,0,0,0,0,0,0,0,1,0,0,0,0,0,0
720,275000,7.462789157412448,564,1742,0,0,0,1,0,0,1,0,0,0,0,1,0,0,0,0,0,0,0,0
814,116000,7.1308988302963465,280,686,1,0,0,0,0,0,0,0,0,0,0,0,0,1,0,0,0,0,0,0
51,114500,7.069874128458572,528,816,0,1,0,0,0,0,0,0,0,0,0,0,1,0,0,0,0,0,0,0
602,220000,7.557472901614746,506,908,0,0,0,1,0,0,1,0,0,0,0,0,0,0,1,0,0,0,0,0
354,140000,7.374629015218945,240,940,0,1,0,0,0,0,0,0,0,0,0,0,1,0,0,0,0,0,0,0
1371,165500,7.415175109613295,377,992,0,1,0,0,0,0,0,0,0,0,0,0,0,0,1,0,0,0,0,0
460,263435,7.5678626054638825,552,832,0,0,0,1,0,0,1,0,0,0,0,0,0,0,1,0,0,0,0,0
22,230000,7.492760300922379,534,1777,0,0,0,1,0,0,1,0,0,0,0,0,0,1,0,0,0,0,0,0
374,219500,7.564238475170491,434,847,0,0,1,0,0,0,1,0,0,0,0,0,0,0,1,0,0,0,0,0
538,158000,7.055312843339752,336,1051,1,0,0,0,0,0,0,0,0,0,0,0,0,1,0,0,0,0,0,0
1160,146000,7.283448228756631,440,855,0,1,0,0,0,0,1,0,0,0,0,0,0,1,0,0,0,0,0,0
218,311500,7.577633832602728,431,798,0,0,1,0,0,0,0,0,0,0,0,0,0,0,1,0,0,0,0,0
585,369900,7.614805364711073,880,1868,0,0,0,1,0,0,1,0,0,0,0,0,0,1,0,0,0,0,0,0
1365,216000,7.422971251049421,663,814,0,0,1,0,0,0,1,0,0,0,0,0,0,1,0,0,0,0,0,0
1131,93500,6.881411303642535,0,974,1,0,0,0,0,0,0,0,0,0,0,1,0,0,0,0,0,0,0,0
1054,255000,7.5953872788539725,586,1065,0,0,0,1,0,0,1,0,0,0,0,0,0,1,0,0,0,0,0,0
414,228000,7.64826303090192,678,1080,0,0,1,0,0,0,1,0,0,0,0,0,0,0,0,1,0,0,0,0
205,180500,7.273786317844895,500,1424,0,0,1,0,0,0,1,0,0,0,0,1,0,0,0,0,0,0,0,0
1183,120000,7.029972911706386,720,1120,1,0,0,0,0,0,0,0,0,0,0,1,0,0,0,0,0,0,0,0
497,184000,7.506591780070841,240,1026,0,0,1,0,0,0,1,0,0,0,0,0,0,0,1,0,0,0,0,0
516,158000,7.6586995582682995,583,689,0,1,0,0,0,0,1,0,0,0,0,0,0,1,0,0,0,0,0,0
702,361919,7.853993087224244,666,1234,0,0,0,1,0,0,1,0,0,0,0,0,0,0,0,0,0,0,0,0
1137,94000,6.927557906278317,0,780,1,0,0,0,0,0,0,0,0,0,0,0,1,0,0,0,0,0,0,0
676,87000,7.480992162869525,779,1095,0,0,0,0,0,0,1,0,0,0,0,0,0,0,1,0,0,0,0,0
375,61000,6.806829360392176,0,683,0,0,0,0,0,1,0,0,1,0,1,0,0,0,0,0,0,0,0,0
975,165000,7.231287004327616,490,673,0,0,1,0,0,0,1,0,0,0,0,0,1,0,0,0,0,0,0,0
1132,117500,7.700747794511798,205,1008,0,1,0,0,0,0,1,0,0,0,0,0,0,0,1,0,0,0,0,0
404,168000,7.360103972989152,373,806,0,1,0,0,0,0,1,0,0,0,0,0,0,1,0,0,0,0,0,0
706,302000,7.508787170634276,739,1643,0,0,1,0,0,0,1,0,0,0,0,1,0,0,0,0,0,0,0,0
419,142000,6.962243464266207,304,1056,1,0,0,0,0,0,0,0,0,0,0,0,1,0,0,0,0,0,0,0
1185,104900,7.107425474110705,392,784,1,0,0,0,0,0,0,0,0,0,0,0,0,1,0,0,0,0,0,0
173,163000,7.216709486709457,504,1362,0,1,0,0,0,0,0,0,0,0,0,0,1,0,0,0,0,0,0,0
690,141000,6.742880635791903,420,848,0,1,0,0,0,0,0,0,0,1,0,0,0,0,0,0,0,0,0,0
827,189000,7.2682230211595655,527,1454,0,0,1,0,0,0,1,0,0,0,0,0,1,0,0,0,0,0,0,0
428,195400,7.0967213784947605,628,1208,0,0,1,0,0,0,1,0,0,0,0,0,1,0,0,0,0,0,0,0
1076,170000,7.290292882446597,566,796,1,0,0,0,0,0,1,0,0,0,0,0,0,1,0,0,0,0,0,0
1256,301500,7.594381242551817,691,1986,0,0,0,1,0,0,1,0,0,0,0,0,0,1,0,0,0,0,0,0
282,207500,7.1808311990445555,626,1314,0,0,1,0,0,0,1,0,0,0,0,0,1,0,0,0,0,0,0,0
1088,137500,7.443663683115591,380,970,0,0,1,0,0,0,1,0,0,0,0,0,0,1,0,0,0,0,0,0
1219,91500,7.1049654482698426,0,672,0,1,0,0,0,0,0,0,0,0,0,0,0,1,0,0,0,0,0,0
738,179000,7.090076835776092,0,1200,1,0,0,0,0,0,0,1,0,0,0,1,0,0,0,0,0,0,0,0
499,120000,6.815639990074331,297,912,1,0,0,0,0,0,0,0,0,0,0,1,0,0,0,0,0,0,0,0
0,208500,7.444248649496705,548,856,0,0,1,0,0,0,1,0,0,0,0,0,0,0,1,0,0,0,0,0
926,285000,7.772331575169614,656,1181,0,0,0,1,0,0,1,0,0,0,0,0,0,0,0,0,0,0,0,0
1147,174500,7.355001921105257,234,704,0,0,1,0,0,0,0,0,0,0,0,0,0,1,0,0,0,0,0,0
1151,149900,7.290292882446597,528,1466,1,0,0,0,0,0,0,0,0,0,0,0,1,0,0,0,0,0,0,0
327,145250,7.232010331664759,292,1383,0,1,0,0,0,0,0,0,0,0,0,0,0,1,0,0,0,0,0,0
213,156000,6.897704943128636,576,990,1,0,0,0,0,0,0,0,0,0,0,1,0,0,0,0,0,0,0,0
852,164000,7.406103381237015,240,918,0,0,1,0,0,0,1,0,0,0,0,0,0,1,0,0,0,0,0,0
246,137000,7.564238475170491,440,1020,0,1,0,0,0,0,1,0,0,0,0,0,0,0,0,1,0,0,0,0
1439,197000,7.45298232946546,550,539,0,0,1,0,0,0,1,0,0,0,0,0,1,0,0,0,0,0,0,0
1315,206900,7.655390644826152,576,952,0,1,0,0,0,0,1,0,0,0,0,0,0,0,0,1,0,0,0,0
1098,128000,7.188412736496954,240,672,0,0,0,0,0,0,0,0,0,0,0,0,1,0,0,0,0,0,0,0
1364,144152,7.090076835776092,480,600,0,0,1,0,0,0,1,0,0,0,1,0,0,0,0,0,0,0,0,0
365,147000,7.203405521083095,468,672,1,0,0,0,0,0,0,0,0,0,0,0,1,0,0,0,0,0,0,0
248,180000,7.419380582918692,500,840,0,0,1,0,0,0,1,0,0,0,0,0,0,0,1,0,0,0,0,0
26,134800,6.802394763324311,576,900,1,0,0,0,0,0,0,0,0,0,0,1,0,0,0,0,0,0,0,0
836,153500,7.351799869057777,812,1559,1,0,0,0,0,0,0,0,0,0,0,1,0,0,0,0,0,0,0,0
1319,111000,6.854354502255021,248,864,0,0,0,0,0,0,0,0,0,0,0,1,0,0,0,0,0,0,0,0
680,143000,6.827629234502852,264,923,0,1,0,0,0,0,1,0,0,0,0,1,0,0,0,0,0,0,0,0
1121,212900,7.347299700743164,782,1552,0,0,1,0,0,0,1,0,0,0,0,0,0,1,0,0,0,0,0,0
3,140000,7.448333860897476,642,756,0,0,1,0,0,0,0,0,0,0,0,0,0,1,0,0,0,0,0,0
134,180000,7.450660796211539,440,1461,1,0,0,0,0,0,1,0,0,0,0,0,0,1,0,0,0,0,0,0
837,100000,6.894670039433482,264,483,0,1,0,0,0,0,0,0,0,0,0,1,0,0,0,0,0,0,0,0
355,177500,7.090076835776092,521,1200,0,1,0,0,0,0,1,0,0,0,0,0,1,0,0,0,0,0,0,0
292,131000,7.447751280047908,281,768,1,0,0,0,0,0,0,0,0,0,0,0,0,0,1,0,0,0,0,0
698,138500,6.795705775173514,336,894,1,0,0,0,0,0,0,0,0,0,0,1,0,0,0,0,0,0,0,0
1242,170000,7.067319848653476,528,1053,0,0,1,0,0,0,1,0,0,0,0,0,1,0,0,0,0,0,0,0
369,162000,7.160069207596127,576,1063,1,0,0,0,0,0,0,0,0,0,0,0,0,1,0,0,0,0,0,0
1199,148000,7.231287004327616,459,1051,0,0,0,0,0,0,0,0,0,0,0,0,1,0,0,0,0,0,0,0
226,290000,7.832014180505469,721,1203,0,0,1,0,0,0,1,0,0,0,0,0,0,0,0,1,0,0,0,0
339,155000,7.102499355774649,297,1215,0,1,0,0,0,0,0,0,0,0,0,0,1,0,0,0,0,0,0,0
1302,290000,7.8343923029104365,844,1165,0,0,0,1,0,0,1,0,0,0,0,0,0,0,1,0,0,0,0,0
603,151000,7.090076835776092,480,600,0,0,1,0,0,0,1,0,0,0,1,0,0,0,0,0,0,0,0,0
454,188000,7.454719949364001,560,1728,1,0,0,0,0,0,1,0,0,0,0,0,0,0,1,0,0,0,0,0
63,140000,7.444248649496705,480,576,0,0,1,0,0,0,1,0,0,0,0,0,0,0,0,1,0,0,0,0
990,348000,7.779885115070522,870,1396,0,0,0,1,0,0,1,0,0,0,0,0,0,1,0,0,0,0,0,0
237,194500,7.463936604468925,457,996,0,0,1,0,0,0,1,0,0,0,0,0,0,1,0,0,0,0,0,0
650,205950,7.417580402414544,562,813,0,0,1,0,0,0,1,0,0,0,0,0,0,1,0,0,0,0,0,0
112,383970,7.899524472032198,792,1264,0,0,1,0,0,0,1,0,0,0,0,0,0,0,0,0,0,0,0,0
1436,120500,6.761572768804055,528,864,0,0,0,0,0,0,0,0,0,0,0,1,0,0,0,0,0,0,0,0
1212,113000,6.51025834052315,234,672,0,0,0,0,0,0,0,0,0,0,1,0,0,0,0,0,0,0,0,0
577,164500,7.1853870155804165,564,1164,1,0,0,0,0,0,0,0,0,0,0,0,1,0,0,0,0,0,0,0
126,128000,6.86484777797086,440,1078,0,1,0,0,0,0,1,0,0,0,0,1,0,0,0,0,0,0,0,0
1008,240000,7.444248649496705,550,1710,0,0,1,0,0,0,1,0,0,0,0,0,0,1,0,0,0,0,0,0
1156,179900,7.142827401161621,502,1219,1,0,0,0,0,0,1,0,0,0,0,0,1,0,0,0,0,0,0,0
851,215000,7.283448228756631,400,1273,0,0,0,1,0,0,1,0,0,0,0,0,0,1,0,0,0,0,0,0
694,141500,7.338888133838879,576,927,1,0,0,0,0,0,0,0,0,0,0,1,0,0,0,0,0,0,0,0
137,171000,7.580189417944541,766,1907,0,0,1,0,0,0,0,1,0,0,0,0,0,0,0,1,0,0,0,0
1009,102000,7.3277805384216315,0,1008,1,0,0,0,0,0,1,0,0,0,0,0,0,1,0,0,0,0,0,0
7,200000,7.644919344958857,484,1107,0,0,1,0,0,0,1,0,0,0,0,0,0,1,0,0,0,0,0,0
502,140000,7.101675971619444,461,1214,1,0,0,0,0,0,0,0,0,0,0,0,1,0,0,0,0,0,0,0
854,170000,7.483806687665835,454,1763,1,0,0,0,0,0,0,0,0,0,0,0,1,0,0,0,0,0,0,0
947,270000,7.395721608602045,808,1616,0,0,0,1,0,0,1,0,0,0,0,0,0,0,0,1,0,0,0,0
631,209500,7.348587530927593,627,1554,0,0,0,1,0,0,1,0,0,0,0,0,1,0,0,0,0,0,0,0
929,222000,7.71244383427499,642,964,0,0,1,0,0,0,1,0,0,0,0,0,0,0,1,0,0,0,0,0
1325,55000,6.679599185844383,0,796,0,0,0,0,0,0,0,0,0,0,0,1,0,0,0,0,0,0,0,0
407,177000,7.426549072397305,308,840,0,1,0,0,0,0,1,0,0,0,0,0,0,0,1,0,0,0,0,0
1422,136500,6.742880635791903,420,848,0,1,0,0,0,0,0,0,0,1,0,0,0,0,0,0,0,0,0,0
357,134000,7.040536390215956,528,1142,1,0,0,0,0,0,0,0,0,0,0,0,1,0,0,0,0,0,0,0
153,235000,7.132497551660044,564,1602,0,1,0,0,0,0,0,0,0,0,1,0,0,0,0,0,0,0,0,0
343,266000,7.428927194802272,564,1684,0,0,0,0,1,0,1,0,0,0,0,0,1,0,0,0,0,0,0,0
305,305900,7.600902459542082,888,2000,0,0,0,1,0,0,1,0,0,0,0,0,0,0,1,0,0,0,0,0
1303,232000,7.38770923908104,834,1616,0,0,1,0,0,0,1,0,0,0,0,0,0,1,0,0,0,0,0,0
612,261500,7.534762657037537,531,1299,0,0,0,1,0,0,1,0,0,0,0,0,0,1,0,0,0,0,0,0
1145,149000,7.362645270417825,225,1042,1,0,0,0,0,0,0,0,0,0,0,0,0,0,1,0,0,0,0,0
280,228500,7.591861714889934,575,807,0,0,1,0,0,0,1,0,0,0,0,0,0,1,0,0,0,0,0,0
1249,119000,6.895682697747868,276,876,1,0,0,0,0,0,0,0,0,0,0,0,1,0,0,0,0,0,0,0
1413,257000,7.519692404116539,620,1844,0,0,0,1,0,0,1,0,0,0,0,0,0,1,0,0,0,0,0,0
1080,145000,7.1372784372603855,528,1258,0,1,0,0,0,0,1,0,0,0,0,1,0,0,0,0,0,0,0,0
400,245500,7.160845906664299,500,1260,0,0,0,1,0,0,0,0,0,0,1,0,0,0,0,0,0,0,0,0
468,250000,7.3987862754199485,866,1626,0,0,0,1,0,0,1,0,0,0,0,0,0,1,0,0,0,0,0,0
504,147000,7.186901020411631,440,855,0,1,0,0,0,0,1,0,0,0,0,0,1,0,0,0,0,0,0,0
534,178000,7.254177846456518,403,707,0,0,0,1,0,0,1,0,0,0,0,0,1,0,0,0,0,0,0,0
1016,203000,7.315883504509785,478,1504,0,0,1,0,0,0,1,0,0,0,0,0,1,0,0,0,0,0,0,0
903,240000,7.4205789054108005,690,1670,0,0,1,0,0,0,1,0,0,0,0,0,0,1,0,0,0,0,0,0
1253,294000,7.681099001536359,518,1192,0,0,1,0,0,0,1,0,0,0,0,0,0,0,0,1,0,0,0,0
550,140000,6.974478911025045,440,1069,0,1,0,0,0,0,1,0,0,0,1,0,0,0,0,0,0,0,0,0
1297,140000,6.977281341630747,525,547,0,1,0,0,0,0,1,0,0,0,0,1,0,0,0,0,0,0,0,0
945,124900,7.533158807455563,456,1088,1,0,0,0,0,0,0,0,0,0,0,0,0,1,0,0,0,0,0,0
163,103200,6.782192056006791,0,882,0,0,0,0,0,0,0,0,0,0,1,0,0,0,0,0,0,0,0,0
336,377426,7.561121589530238,676,1922,0,0,0,0,1,0,1,0,0,0,0,0,0,0,1,0,0,0,0,0
59,124900,6.659293919683638,352,780,1,0,0,0,0,0,0,0,0,0,1,0,0,0,0,0,0,0,0,0
1118,140000,7.3783837129967145,300,533,1,0,0,0,0,0,0,0,0,0,0,0,1,0,0,0,0,0,0,0
1361,260000,7.333023014386481,430,1530,0,0,1,0,0,0,1,0,0,0,0,0,0,1,0,0,0,0,0,0
1407,112000,6.725033642166843,0,833,1,0,0,0,0,0,0,0,0,0,0,1,0,0,0,0,0,0,0,0
449,120000,7.075808863978387,308,649,0,0,0,0,0,1,0,0,0,0,0,0,1,0,0,0,0,0,0,0
855,127000,6.946975992135418,260,1040,1,0,0,0,0,0,0,0,0,0,0,0,1,0,0,0,0,0,0,0
1136,119000,7.132497551660044,288,1032,0,1,0,0,0,0,0,0,0,0,0,0,1,0,0,0,0,0,0,0
1299,154000,7.1276936993473985,305,1246,1,0,0,0,0,0,0,0,0,0,0,0,1,0,0,0,0,0,0,0
437,119000,6.806829360392176,180,884,0,1,0,0,0,0,0,0,0,0,1,0,0,0,0,0,0,0,0,0
786,139000,7.409741954080923,416,686,1,0,0,0,0,0,1,0,0,0,0,0,0,1,0,0,0,0,0,0
873,133000,7.145196134997171,288,832,1,0,0,0,0,0,0,0,0,0,0,0,1,0,0,0,0,0,0,0
1343,177000,7.556427969440253,342,896,0,1,0,0,0,0,0,0,0,0,0,0,0,0,0,1,0,0,0,0
819,224000,7.213768308118642,484,1358,0,0,1,0,0,0,1,0,0,0,0,0,1,0,0,0,0,0,0,0
1006,163500,7.4127640174265625,484,1657,0,1,0,0,0,0,1,0,0,0,0,0,0,1,0,0,0,0,0,0
586,130000,6.731018100482083,275,816,0,1,0,0,0,0,0,0,0,0,0,1,0,0,0,0,0,0,0,0
941,214000,7.630461261783627,390,992,0,0,1,0,0,0,1,0,0,0,0,0,0,0,1,0,0,0,0,0
348,154000,7.3938782901077555,474,764,0,0,1,0,0,0,1,0,0,0,0,0,1,0,0,0,0,0,0,0
1194,158000,7.20934025660291,299,663,0,1,0,0,0,0,0,0,0,0,0,0,0,1,0,0,0,0,0,0
1028,105000,7.226936018493289,240,768,1,0,0,0,0,0,0,0,0,0,0,0,1,0,0,0,0,0,0,0
463,188700,7.414572881350589,240,715,0,1,0,0,0,0,0,0,0,0,0,0,1,0,0,0,0,0,0,0
1363,156932,7.252762418053187,432,616,0,1,0,0,0,0,1,0,0,0,0,0,1,0,0,0,0,0,0,0
653,135000,7.292337176173877,216,756,0,1,0,0,0,0,0,0,0,0,0,0,0,1,0,0,0,0,0,0
573,170000,7.265429723253953,400,384,0,0,1,0,0,0,1,0,0,0,0,0,0,0,1,0,0,0,0,0
647,155000,6.9975959829819265,495,1094,0,1,0,0,0,0,0,0,0,0,0,1,0,0,0,0,0,0,0,0
595,319000,7.509883061154913,758,1814,0,0,0,1,0,0,1,0,0,0,0,0,0,1,0,0,0,0,0,0
890,122900,6.828712071641684,576,672,1,0,0,0,0,0,0,0,0,0,0,0,1,0,0,0,0,0,0,0
470,212000,7.31455283232408,528,1488,0,0,0,1,0,0,0,0,0,0,1,0,0,0,0,0,0,0,0,0
800,200000,7.431299675155903,603,616,0,1,0,0,0,0,1,0,0,0,0,0,0,0,1,0,0,0,0,0
281,185000,7.140453043101158,572,1262,0,1,0,0,0,0,1,0,0,0,0,1,0,0,0,0,0,0,0,0
932,320000,7.552237287560802,788,1905,0,0,0,0,1,0,1,0,0,0,0,0,0,0,1,0,0,0,0,0
732,222500,7.616283561580385,541,1153,0,0,1,0,0,0,1,0,0,0,0,0,0,0,1,0,0,0,0,0
715,165000,7.2078598714324755,478,1064,0,1,0,0,0,0,1,0,0,0,0,0,0,1,0,0,0,0,0,0
832,237000,7.511524648390866,613,941,0,0,1,0,0,0,1,0,0,0,0,0,0,1,0,0,0,0,0,0
951,119900,6.872128101338986,300,828,1,0,0,0,0,0,0,0,0,0,0,0,1,0,0,0,0,0,0,0
1144,80000,6.828712071641684,280,672,0,0,0,0,0,0,0,0,0,0,0,1,0,0,0,0,0,0,0,0
1037,287000,7.724446645633537,905,1055,0,0,0,1,0,0,1,0,0,0,0,0,0,1,0,0,0,0,0,0
1168,235000,7.653494909661253,540,1127,0,1,0,0,0,0,1,0,0,0,0,0,0,1,0,0,0,0,0,0
455,175500,7.124478262493424,528,1242,0,0,1,0,0,0,0,0,0,0,0,0,1,0,0,0,0,0,0,0
584,133000,7.360739903058278,240,884,0,0,0,0,0,0,0,0,0,0,0,0,1,0,0,0,0,0,0,0
147,222500,7.618251097876695,434,884,0,0,1,0,0,0,1,0,0,0,0,0,0,0,1,0,0,0,0,0
160,162500,7.116394144093465,516,1232,0,1,0,0,0,0,1,0,0,0,0,0,1,0,0,0,0,0,0,0
1111,205000,7.582738488914411,483,803,0,0,1,0,0,0,1,0,0,0,0,0,0,0,1,0,0,0,0,0
750,96500,7.038783541388542,0,576,0,0,0,0,0,0,0,0,0,0,0,0,0,1,0,0,0,0,0,0
1117,130000,6.795705775173514,450,894,1,0,0,0,0,0,0,0,0,0,0,1,0,0,0,0,0,0,0,0
859,250000,7.8838232148921525,619,1054,0,1,0,0,0,0,1,0,0,0,0,0,0,0,0,1,0,0,0,0
952,133900,6.643789733147672,396,768,1,0,0,0,0,0,0,0,0,0,0,1,0,0,0,0,0,0,0,0
628,135000,7.640123172695364,504,1040,1,0,0,0,0,0,0,0,0,0,0,0,0,0,0,1,0,0,0,0
606,152000,6.946975992135418,576,1040,1,0,0,0,0,0,0,0,0,0,0,0,1,0,0,0,0,0,0,0
164,152000,7.38770923908104,216,1149,0,1,0,0,0,0,1,0,0,0,0,1,0,0,0,0,0,0,0,0
106,100000,6.953684210870537,273,641,0,0,0,0,0,0,0,0,0,0,0,0,1,0,0,0,0,0,0,0
1040,155000,7.497207223203318,484,1134,1,0,0,0,0,0,1,0,0,0,0,0,0,0,1,0,0,0,0,0
617,105500,6.723832440821209,528,832,0,1,0,0,0,0,0,0,0,0,1,0,0,0,0,0,0,0,0,0
1215,125000,6.795705775173514,384,894,1,0,0,0,0,0,0,0,0,0,0,1,0,0,0,0,0,0,0,0
329,78000,7.083387847625295,189,596,1,0,0,0,0,0,0,0,0,0,0,0,1,0,0,0,0,0,0,0
480,326000,7.52294091807237,772,1833,0,0,0,0,1,0,1,0,0,0,0,0,0,0,1,0,0,0,0,0
498,130000,6.80128303447162,288,864,1,0,0,0,0,0,0,0,0,0,0,1,0,0,0,0,0,0,0,0
1356,110000,6.79346613258001,264,864,1,0,0,0,0,0,0,0,0,0,0,1,0,0,0,0,0,0,0,0
93,133900,7.736743682453495,506,1214,0,1,0,0,0,0,1,0,0,0,0,0,0,0,0,1,0,0,0,0
809,106000,7.6676260915849905,360,849,1,0,0,0,0,0,1,0,0,0,0,0,0,0,0,0,1,0,0,0
433,181000,7.38025578842646,470,926,0,1,0,0,0,0,1,0,0,0,0,0,0,1,0,0,0,0,0,0
1107,274725,7.611347717403621,422,868,0,0,1,0,0,0,1,0,0,0,0,0,0,0,0,1,0,0,0,0
43,130250,6.843749949006225,308,938,1,0,0,0,0,0,0,0,0,0,0,1,0,0,0,0,0,0,0,0
860,189950,7.262628600974241,216,912,0,0,1,0,0,0,0,0,0,0,0,0,0,1,0,0,0,0,0,0
1275,137000,7.560080465021827,400,928,1,0,0,0,0,0,1,0,0,0,0,0,0,0,0,0,0,0,0,0
967,135000,7.001245622069476,260,1098,1,0,0,0,0,0,0,0,0,0,0,0,1,0,0,0,0,0,0,0
710,52000,6.591673732008658,0,270,0,0,0,0,0,1,0,0,0,0,0,1,0,0,0,0,0,0,0,0
1425,142000,7.132497551660044,528,1252,0,1,0,0,0,0,0,0,0,0,0,0,0,1,0,0,0,0,0,0
1391,124000,7.367708572374371,792,1584,1,0,0,0,0,0,1,0,0,0,0,0,0,0,1,0,0,0,0,0
765,264132,7.317212408359839,592,1498,0,0,0,0,1,0,1,0,0,0,0,0,1,0,0,0,0,0,0,0
885,328900,7.443663683115591,506,1698,0,0,0,0,1,0,1,0,0,0,0,1,0,0,0,0,0,0,0,0
556,141000,6.9957661563048505,299,1092,1,0,0,0,0,0,0,0,0,0,0,0,1,0,0,0,0,0,0,0
1388,377500,7.465082736399547,758,1746,0,0,0,0,1,0,1,0,0,0,0,0,0,1,0,0,0,0,0,0
69,225000,7.734996194022781,667,1304,0,0,1,0,0,0,1,0,0,0,0,0,0,1,0,0,0,0,0,0
514,96500,6.670766320845874,200,768,1,0,0,0,0,0,0,0,0,0,0,1,0,0,0,0,0,0,0,0
509,124500,6.947937068614969,270,1041,1,0,0,0,0,0,0,0,0,0,0,0,1,0,0,0,0,0,0,0
340,202900,7.553810852008231,431,967,0,0,0,1,0,0,1,0,0,0,0,0,0,0,0,1,0,0,0,0
221,200000,7.726212650507529,390,1010,0,1,0,0,0,0,1,0,0,0,0,0,0,0,1,0,0,0,0,0
146,105000,6.774223886357614,180,715,1,0,0,0,0,0,0,0,0,0,0,1,0,0,0,0,0,0,0,0
1053,144500,7.330405211844402,364,1216,1,0,0,0,0,0,0,0,0,0,0,0,0,1,0,0,0,0,0,0
1138,196000,7.356918242356021,714,1567,0,1,0,0,0,0,1,0,0,0,0,1,0,0,0,0,0,0,0,0
508,161000,7.228388451573604,360,689,0,0,1,0,0,0,1,0,0,0,0,0,0,1,0,0,0,0,0,0
1362,104900,7.460490305825338,368,715,0,0,0,0,0,0,1,0,0,0,0,0,0,1,0,0,0,0,0,0
176,211000,7.630461261783627,521,1151,0,1,0,0,0,0,1,0,0,0,0,0,0,0,1,0,0,0,0,0
804,118000,7.028201432058005,286,936,1,0,0,0,0,0,0,0,0,0,0,1,0,0,0,0,0,0,0,0
168,183500,7.450079569807499,440,840,0,0,1,0,0,0,1,0,0,0,0,0,0,1,0,0,0,0,0,0
1261,128900,6.956545443151569,338,1050,1,0,0,0,0,0,0,0,0,0,0,1,0,0,0,0,0,0,0,0
1341,155000,7.01571242048723,576,1114,0,1,0,0,0,0,0,0,0,0,0,0,1,0,0,0,0,0,0,0
129,150000,6.959398512133975,750,1008,1,0,0,0,0,0,0,0,0,0,0,0,1,0,0,0,0,0,0,0
189,286000,7.373374309910049,682,1593,0,0,0,1,0,0,0,0,0,0,0,1,0,0,0,0,0,0,0,0
136,143000,7.101675971619444,318,1214,1,0,0,0,0,0,1,0,0,0,0,1,0,0,0,0,0,0,0,0
1327,130500,6.704414354964107,264,816,1,0,0,0,0,0,0,0,0,0,0,1,0,0,0,0,0,0,0,0
290,233230,7.5595594960077,685,1079,0,0,0,1,0,0,1,0,0,0,0,0,0,0,1,0,0,0,0,0
36,145000,7.00033446027523,672,1097,1,0,0,0,0,0,0,0,0,0,0,0,1,0,0,0,0,0,0,0
767,160000,7.4673710669175595,423,983,0,1,0,0,0,0,1,0,0,0,0,0,0,1,0,0,0,0,0,0
232,94500,6.894670039433482,288,483,0,1,0,0,0,0,0,0,0,0,0,1,0,0,0,0,0,0,0,0
645,143250,6.8885724595653635,576,981,0,1,0,0,0,0,0,0,0,0,0,1,0,0,0,0,0,0,0,0
33,165500,7.438383530044307,447,1398,1,0,0,0,0,0,0,0,0,0,0,0,1,0,0,0,0,0,0,0
1112,129900,6.704414354964107,308,816,1,0,0,0,0,0,0,0,0,0,0,1,0,0,0,0,0,0,0,0
1410,230000,7.517520850603031,622,944,0,0,1,0,0,0,1,0,0,0,0,0,1,0,0,0,0,0,0,0
1068,151400,7.83241092718792,576,942,0,1,0,0,0,0,1,0,0,0,0,0,0,0,0,0,0,0,0,0
865,148500,6.90975328164481,902,1002,1,0,0,0,0,0,0,0,0,0,0,1,0,0,0,0,0,0,0,0
341,82000,6.734591659972948,294,721,0,0,0,0,0,0,0,0,0,0,1,0,0,0,0,0,0,0,0,0
1085,147000,6.903747257584598,564,936,0,1,0,0,0,0,0,0,0,0,0,1,0,0,0,0,0,0,0,0
199,274900,7.44600149832412,856,1713,0,0,0,1,0,0,1,0,0,0,0,0,0,1,0,0,0,0,0,0
429,175000,7.252762418053187,576,1392,0,1,0,0,0,0,1,0,0,0,0,0,1,0,0,0,0,0,0,0
1438,149700,7.119635638017636,923,912,0,1,0,0,0,0,0,0,0,0,0,0,1,0,0,0,0,0,0,0
876,132250,6.946975992135418,648,1064,0,0,0,0,0,0,0,0,0,0,0,1,0,0,0,0,0,0,0,0
730,236500,7.38770923908104,608,1595,0,0,0,1,0,0,1,0,0,0,0,1,0,0,0,0,0,0,0,0
919,176500,7.254177846456518,601,1184,0,1,0,0,0,0,0,0,0,0,0,0,1,0,0,0,0,0,0,0
297,239000,7.575584651557793,576,975,0,0,1,0,0,0,1,0,0,0,0,0,0,1,0,0,0,0,0,0
73,144900,6.990256500493881,490,1086,1,0,0,0,0,0,0,0,0,0,0,0,1,0,0,0,0,0,0,0
807,223500,7.362645270417825,528,1324,1,0,0,0,0,0,0,0,0,0,0,0,1,0,0,0,0,0,0,0
547,129500,6.643789733147672,624,768,1,0,0,0,0,0,0,0,0,0,0,1,0,0,0,0,0,0,0,0
949,197500,7.2305631534092925,676,1161,0,1,0,0,0,0,0,0,0,0,0,1,0,0,0,0,0,0,0,0
1342,228500,7.682021510826875,647,1284,0,0,0,1,0,0,1,0,0,0,0,0,0,1,0,0,0,0,0,0
821,93000,6.841615476477592,576,936,0,0,0,0,0,0,0,0,0,0,1,0,0,0,0,0,0,0,0,0
663,137500,7.074116816197362,588,1138,0,0,0,0,0,0,1,0,0,0,0,0,1,0,0,0,0,0,0,0
1314,119000,6.854354502255021,280,948,0,0,0,0,0,0,0,0,0,0,0,1,0,0,0,0,0,0,0,0
623,168500,7.321188556739478,440,756,0,1,0,0,0,0,1,0,0,0,1,0,0,0,0,0,0,0,0,0
1162,129000,6.795705775173514,450,894,1,0,0,0,0,0,0,0,0,0,0,1,0,0,0,0,0,0,0,0
212,252678,7.524021415206125,644,900,0,0,1,0,0,0,1,0,0,0,0,0,0,1,0,0,0,0,0,0
1326,79000,6.651571873589727,0,544,0,0,0,0,0,1,0,0,0,0,0,0,1,0,0,0,0,0,0,0
727,194500,7.116394144093465,632,1232,0,0,1,0,0,0,1,0,0,0,0,0,1,0,0,0,0,0,0,0
701,140000,7.059617628291383,528,1164,0,0,1,0,0,0,0,0,0,0,0,0,1,0,0,0,0,0,0,0
1022,87000,7.129297548929373,160,912,1,0,0,0,0,0,0,0,0,0,0,0,1,0,0,0,0,0,0,0
1396,160000,7.430707082545968,572,747,1,0,0,0,0,0,0,0,0,0,0,0,0,1,0,0,0,0,0,0
234,216500,7.580699752224563,440,860,0,1,0,0,0,0,1,0,0,0,0,0,0,0,1,0,0,0,0,0
1007,88000,6.9957661563048505,286,546,0,0,0,0,0,0,0,0,0,0,0,0,1,0,0,0,0,0,0,0
978,110000,6.795705775173514,400,894,0,0,0,0,0,0,0,0,0,0,0,1,0,0,0,0,0,0,0,0
67,226000,7.2991214627108,558,1453,0,0,1,0,0,0,1,0,0,0,0,0,0,1,0,0,0,0,0,0
24,154000,6.966024187106113,270,1060,1,0,0,0,0,0,0,0,0,0,0,0,1,0,0,0,0,0,0,0
216,210000,7.269616749608169,484,1436,0,0,1,0,0,0,1,0,0,0,0,0,0,0,1,0,0,0,0,0
812,55993,6.950814768442584,504,540,1,0,0,0,0,0,0,0,0,0,1,0,0,0,0,0,0,0,0,0
735,163000,7.477604243197589,320,880,0,0,1,0,0,0,0,0,0,0,0,0,1,0,0,0,0,0,0,0
1153,120500,6.704414354964107,432,816,0,1,0,0,0,0,0,0,0,0,0,1,0,0,0,0,0,0,0,0
111,180000,7.265429723253953,400,384,0,0,1,0,0,0,1,0,0,0,0,0,0,1,0,0,0,0,0,0
166,190000,7.532088143541722,303,1617,1,0,0,0,0,0,0,0,0,0,0,0,0,1,0,0,0,0,0,0
1394,246578,7.313220387090301,648,1356,0,0,1,0,0,0,1,0,0,0,0,0,1,0,0,0,0,0,0,0
207,141000,7.003065458786462,312,1100,0,0,0,0,0,0,0,0,0,0,0,0,1,0,0,0,0,0,0,0
274,124500,6.704414354964107,264,816,1,0,0,0,0,0,0,0,0,0,0,1,0,0,0,0,0,0,0,0
41,170000,7.191429330036379,308,1350,1,0,0,0,0,0,0,0,0,0,0,1,0,0,0,0,0,0,0,0
591,451950,7.738923757439457,842,1722,0,0,0,0,0,1,1,0,0,0,0,0,0,0,0,0,0,0,0,0
1294,115000,6.761572768804055,572,864,1,0,0,0,0,0,0,0,0,0,0,1,0,0,0,0,0,0,0,0
525,176000,7.143617602704121,453,1257,0,0,1,0,0,0,1,0,0,0,0,0,1,0,0,0,0,0,0,0
287,88000,6.754604099487962,0,858,0,0,0,0,0,0,0,0,0,0,0,1,0,0,0,0,0,0,0,0
469,187000,7.444248649496705,506,832,0,1,0,0,0,0,1,0,0,0,0,0,0,1,0,0,0,0,0,0
121,100000,7.023758954738443,264,732,0,0,0,0,0,0,0,0,0,0,1,0,0,0,0,0,0,0,0,0
1455,175000,7.4067107301776405,460,953,0,1,0,0,0,0,1,0,0,0,0,0,0,1,0,0,0,0,0,0
1252,130000,6.773080375655535,288,864,1,0,0,0,0,0,0,0,0,0,0,1,0,0,0,0,0,0,0,0
928,236500,7.488852955733459,522,1753,0,0,0,1,0,0,1,0,0,0,0,0,0,1,0,0,0,0,0,0
673,257500,7.516977224604321,416,1477,0,1,0,0,0,0,1,0,0,0,0,0,0,1,0,0,0,0,0,0
1141,197500,7.532623618788788,484,780,1,0,0,0,0,0,1,0,0,0,0,0,0,0,0,1,0,0,0,0
886,145000,7.445417556701687,588,1626,1,0,0,0,0,0,1,0,0,0,0,0,0,0,1,0,0,0,0,0
956,124000,7.113956109566034,462,561,0,1,0,0,0,0,0,0,0,0,0,1,0,0,0,0,0,0,0,0
25,256300,7.3777589082278725,890,1566,0,0,0,1,0,0,1,0,0,0,0,0,0,1,0,0,0,0,0,0
1134,169000,7.3777589082278725,460,916,0,1,0,0,0,0,1,0,0,0,0,0,0,1,0,0,0,0,0,0
149,115000,7.203405521083095,240,896,1,0,0,0,0,0,0,0,0,0,0,0,0,1,0,0,0,0,0,0
925,175000,7.026426808699636,540,1126,1,0,0,0,0,0,1,0,0,0,0,0,1,0,0,0,0,0,0,0
1176,119500,6.827629234502852,264,876,1,0,0,0,0,0,0,0,0,0,0,1,0,0,0,0,0,0,0,0
696,89000,6.423246963533519,205,616,1,0,0,0,0,0,0,0,0,0,1,0,0,0,0,0,0,0,0,0
843,141000,7.495541943884256,0,1800,1,0,0,0,0,0,1,0,0,0,0,0,0,0,0,0,0,0,0,0
889,149500,7.316548177182976,505,1505,0,1,0,0,0,0,0,0,0,0,0,0,1,0,0,0,0,0,0,0
598,217500,7.4067107301776405,621,1430,1,0,0,0,0,0,1,0,0,0,0,0,0,1,0,0,0,0,0,0
1020,176000,7.0317412587631285,451,1132,0,0,0,0,0,0,0,0,0,0,0,1,0,0,0,0,0,0,0,0
139,231500,7.475339236566737,470,928,0,1,0,0,0,0,1,0,0,0,0,0,0,1,0,0,0,0,0,0
1284,169000,7.802618063442671,336,804,0,1,0,0,0,0,1,0,0,0,0,0,0,0,0,0,0,0,0,0
1004,181000,7.315883504509785,457,1346,0,0,1,0,0,0,1,0,0,0,0,0,0,1,0,0,0,0,0,0
323,126175,7.0587581525186645,220,1162,0,0,0,0,0,1,0,0,0,0,0,0,1,0,0,0,0,0,0,0
180,177000,7.329749689041512,440,756,0,1,0,0,0,0,1,0,0,0,0,1,0,0,0,0,0,0,0,0
1272,137000,6.840546529288687,288,935,1,0,0,0,0,0,0,0,0,0,0,1,0,0,0,0,0,0,0,0
450,110000,6.70073110954781,270,813,0,1,0,0,0,0,0,0,0,0,0,1,0,0,0,0,0,0,0,0
607,225000,7.60489448081162,230,896,1,0,0,0,0,0,0,1,0,0,0,0,0,0,1,0,0,0,0,0
1043,262280,7.753194269884341,514,1475,0,0,1,0,0,0,1,0,0,0,0,0,0,0,0,0,0,0,0,0
296,152000,7.351158226430694,282,910,1,0,0,0,0,0,0,0,0,0,0,0,1,0,0,0,0,0,0,0
1293,162900,7.416979621381154,528,832,0,0,1,0,0,0,1,0,0,0,0,0,0,0,1,0,0,0,0,0
94,204750,7.487733761436444,684,824,0,1,0,0,0,0,1,0,0,0,0,0,0,1,0,0,0,0,0,0
1367,127000,7.29641326877392,336,757,1,0,0,0,0,0,1,0,0,0,0,0,1,0,0,0,0,0,0,0
637,93000,7.234898420314831,256,811,1,0,0,0,0,0,1,0,0,0,0,0,0,1,0,0,0,0,0,0
1304,130000,7.443078374348516,380,976,0,0,1,0,0,0,1,0,0,0,0,0,0,1,0,0,0,0,0,0
286,159000,7.458186157340487,440,912,0,1,0,0,0,0,0,0,0,0,0,0,0,1,0,0,0,0,0,0
488,160000,7.789040401657477,520,954,1,0,0,0,0,0,1,0,0,0,0,0,0,0,0,0,0,0,0,0
444,210000,7.553810852008231,493,915,0,0,1,0,0,0,1,0,0,0,0,0,0,0,1,0,0,0,0,0
1208,140000,7.1569563646156364,506,931,1,0,0,0,0,0,0,0,0,0,0,0,1,0,0,0,0,0,0,0
1198,178000,7.10002716662926,573,1212,0,0,1,0,0,0,1,0,0,0,0,0,1,0,0,0,0,0,0,0
275,205000,7.344719054149673,672,952,0,0,1,0,0,0,1,0,0,0,0,1,0,0,0,0,0,0,0,0
806,135500,6.887552571664617,384,980,1,0,0,0,0,0,1,0,0,0,0,0,1,0,0,0,0,0,0,0
1152,230000,7.501634457883413,470,1073,0,1,0,0,0,0,0,0,0,0,0,0,1,0,0,0,0,0,0,0
1206,107000,6.962243464266207,384,1056,0,0,0,0,0,0,0,0,0,0,0,1,0,0,0,0,0,0,0,0
32,179900,7.1180162044653335,484,1234,0,0,0,1,0,0,1,0,0,0,0,0,0,1,0,0,0,0,0,0
1104,106000,7.171656822768514,440,630,1,0,0,0,0,0,1,0,0,0,0,0,1,0,0,0,0,0,0,0
307,89500,7.2485040723706105,0,319,0,1,0,0,0,0,0,0,0,0,0,0,1,0,0,0,0,0,0,0
770,134900,6.754604099487962,576,858,1,0,0,0,0,0,0,0,0,0,0,1,0,0,0,0,0,0,0,0
11,345000,7.751045117971802,736,1175,0,0,0,0,1,0,0,1,0,0,0,0,0,0,0,0,1,0,0,0
872,116000,6.813444599510896,414,105,1,0,0,0,0,0,0,0,0,0,0,1,0,0,0,0,0,0,0,0
1067,167900,7.384610383176974,442,780,0,1,0,0,0,0,0,0,0,0,0,0,0,1,0,0,0,0,0,0
86,174000,7.352441100243583,400,684,0,1,0,0,0,0,1,0,0,0,0,0,1,0,0,0,0,0,0,0
1060,213500,7.198931240688173,582,1338,0,0,0,1,0,0,1,0,0,0,0,0,1,0,0,0,0,0,0,0
1446,157900,7.080026499922591,312,1188,1,0,0,0,0,0,0,0,0,0,0,0,1,0,0,0,0,0,0,0
1082,192000,7.285506548522785,527,1459,0,0,1,0,0,0,1,0,0,0,0,0,1,0,0,0,0,0,0,0
1065,328000,7.723120092266331,533,1306,0,0,1,0,0,0,1,0,0,0,0,0,0,1,0,0,0,0,0,0
782,187100,7.265429723253953,605,1413,0,0,1,0,0,0,1,0,0,0,0,0,1,0,0,0,0,0,0,0
562,108000,6.903747257584598,0,996,1,0,0,0,0,0,0,0,0,0,0,0,1,0,0,0,0,0,0,0
209,145000,6.9957661563048505,504,1092,0,1,0,0,0,0,0,0,0,0,0,0,1,0,0,0,0,0,0,0
1172,171900,7.1308988302963465,625,625,0,0,1,0,0,0,1,0,0,0,0,1,0,0,0,0,0,0,0,0
739,190000,7.454719949364001,572,864,0,0,1,0,0,0,1,0,0,0,0,0,0,1,0,0,0,0,0,0
594,110000,6.828712071641684,280,924,1,0,0,0,0,0,0,0,0,0,0,1,0,0,0,0,0,0,0,0
123,153900,7.089243155027514,530,1199,0,1,0,0,0,0,1,0,0,0,0,1,0,0,0,0,0,0,0,0
734,108000,6.854354502255021,300,948,1,0,0,0,0,0,0,0,0,0,0,0,1,0,0,0,0,0,0,0
931,117500,6.829793737512425,429,925,1,0,0,0,0,0,0,0,0,0,0,1,0,0,0,0,0,0,0,0
98,83000,6.727431724850855,366,458,1,0,0,0,0,0,0,0,0,0,0,1,0,0,0,0,0,0,0,0
377,340000,7.81035268372429,610,1580,0,0,0,1,0,0,0,1,0,0,0,0,0,0,1,0,0,0,0,0
130,226000,7.676473646389156,487,924,0,0,1,0,0,0,1,0,0,0,0,0,0,0,1,0,0,0,0,0
23,129900,6.966024187106113,572,1040,1,0,0,0,0,0,0,0,0,0,0,0,1,0,0,0,0,0,0,0
555,113000,6.954638864880987,280,993,1,0,0,0,0,0,0,0,0,0,0,1,0,0,0,0,0,0,0,0
370,172400,7.416979621381154,460,953,0,1,0,0,0,0,1,0,0,0,0,0,0,1,0,0,0,0,0,0
383,76000,6.664409020350408,360,784,0,1,0,0,0,0,0,0,0,0,0,1,0,0,0,0,0,0,0,0
201,171500,7.153833801578843,473,1196,0,1,0,0,0,0,1,0,0,0,0,0,1,0,0,0,0,0,0,0
917,135000,7.113956109566034,284,1134,0,0,0,0,0,0,0,0,0,0,0,0,1,0,0,0,0,0,0,0
368,132000,7.145196134997171,244,1268,1,0,0,0,0,0,0,0,0,0,0,0,0,1,0,0,0,0,0,0
973,182000,7.2640301428995295,480,1428,0,0,1,0,0,0,1,0,0,0,0,0,1,0,0,0,0,0,0,0
387,125000,7.025538314638521,352,1041,0,1,0,0,0,0,0,0,0,0,0,0,1,0,0,0,0,0,0,0
816,137000,6.915723448631314,275,1008,1,0,0,0,0,0,0,0,0,0,1,0,0,0,0,0,0,0,0,0
1316,295493,7.396335293800808,860,1622,0,0,0,1,0,0,1,0,0,0,0,0,0,0,1,0,0,0,0,0
256,207500,7.454719949364001,673,864,0,1,0,0,0,0,1,0,0,0,0,0,0,1,0,0,0,0,0,0
1221,134000,7.099201743553092,322,952,1,0,0,0,0,0,0,0,0,0,0,1,0,0,0,0,0,0,0,0
1119,133700,6.946975992135418,286,1040,1,0,0,0,0,0,0,0,0,0,0,0,1,0,0,0,0,0,0,0
169,228000,7.442492722794441,511,1686,0,0,0,1,0,0,1,0,0,0,0,0,1,0,0,0,0,0,0,0
1329,176500,7.397561535524052,462,935,0,0,1,0,0,0,1,0,0,0,0,0,0,0,1,0,0,0,0,0
560,121500,7.238496840894365,528,1392,1,0,0,0,0,0,0,0,0,0,0,1,0,0,0,0,0,0,0,0
373,123000,7.1846291527173145,270,608,1,0,0,0,0,0,0,0,0,0,0,1,0,0,0,0,0,0,0,0
909,174000,7.302496423727326,390,742,0,1,0,0,0,0,1,0,0,0,0,0,0,0,1,0,0,0,0,0
719,128500,6.878326468291325,300,971,1,0,0,0,0,0,0,0,0,0,0,1,0,0,0,0,0,0,0,0
791,146800,6.967909201801884,539,1029,0,1,0,0,0,0,0,0,0,0,0,1,0,0,0,0,0,0,0,0
954,127500,6.887552571664617,0,945,0,1,0,0,0,0,1,0,0,0,1,0,0,0,0,0,0,0,0,0
1251,171750,7.247792581767846,478,1405,0,0,1,0,0,0,1,0,0,0,0,0,1,0,0,0,0,0,0,0
1167,173000,7.421177528595393,472,959,0,1,0,0,0,0,1,0,0,0,0,0,0,1,0,0,0,0,0,0
1204,153500,6.97914527506881,495,1056,1,0,0,0,0,0,0,0,0,0,0,0,1,0,0,0,0,0,0,0
972,99500,6.822197390620491,264,918,0,1,0,0,0,0,1,0,0,0,0,1,0,0,0,0,0,0,0,0
1155,218000,7.270312886079025,528,1437,1,0,0,0,0,0,1,0,0,0,0,0,1,0,0,0,0,0,0,0
1421,127500,6.974478911025045,440,1069,0,1,0,0,0,0,1,0,0,0,1,0,0,0,0,0,0,0,0,0
1071,154000,7.349873704738337,441,727,0,1,0,0,0,0,0,0,0,0,0,0,0,0,1,0,0,0,0,0
964,214900,7.546446273746024,510,817,0,0,1,0,0,0,1,0,0,0,0,0,0,0,1,0,0,0,0,0
774,395000,7.587310506022615,895,1935,0,0,0,1,0,0,1,0,0,0,0,0,0,0,0,1,0,0,0,0
203,149000,6.742880635791903,420,848,0,1,0,0,0,0,0,0,0,1,0,0,0,0,0,0,0,0,0,0
84,168500,7.295735072749282,400,384,0,0,1,0,0,0,1,0,0,0,0,0,0,1,0,0,0,0,0,0
633,139400,6.962243464266207,260,1056,1,0,0,0,0,0,0,0,0,0,0,0,1,0,0,0,0,0,0,0
908,131000,6.804614520062624,484,864,1,0,0,0,0,0,0,0,0,0,0,1,0,0,0,0,0,0,0,0
611,148000,6.939253946041508,564,1032,0,1,0,0,0,0,1,0,0,0,0,0,1,0,0,0,0,0,0,0
398,67000,6.981934677156389,338,961,1,0,0,0,0,0,0,0,0,0,0,0,1,0,0,0,0,0,0,0
91,98600,7.118826249062078,480,1235,1,0,0,0,0,0,0,0,0,0,0,0,1,0,0,0,0,0,0,0
1106,179900,7.273786317844895,719,910,0,0,1,0,0,0,1,0,0,0,0,0,1,0,0,0,0,0,0,0
430,85400,6.894670039433482,264,483,0,1,0,0,0,0,0,0,0,0,1,0,0,0,0,0,0,0,0,0
779,135000,6.911747300251674,504,975,0,1,0,0,0,0,0,0,0,0,1,0,0,0,0,0,0,0,0,0
1143,80000,6.913737350659685,0,1006,1,0,0,0,0,0,0,0,0,0,0,1,0,0,0,0,0,0,0,0
291,135900,7.447751280047908,0,780,1,0,0,0,0,0,1,0,0,0,0,0,0,0,0,1,0,0,0,0
57,196500,7.450079569807499,565,860,0,0,1,0,0,0,1,0,0,0,0,0,0,1,0,0,0,0,0,0
1345,108500,6.866933284461882,308,960,0,0,0,0,0,0,0,0,0,0,0,1,0,0,0,0,0,0,0,0
257,220000,7.38025578842646,660,1604,0,0,1,0,0,0,1,0,0,0,0,0,0,0,1,0,0,0,0,0
1419,223000,7.519692404116539,540,1844,0,1,0,0,0,0,1,0,0,0,0,0,0,1,0,0,0,0,0,0
1066,178000,7.359467638255621,380,799,0,1,0,0,0,0,1,0,0,0,0,0,0,1,0,0,0,0,0,0
388,191000,7.2991214627108,577,1468,0,0,1,0,0,0,1,0,0,0,0,0,1,0,0,0,0,0,0,0
335,228950,7.487733761436444,529,1499,1,0,0,0,0,0,1,0,0,0,0,0,0,1,0,0,0,0,0,0
273,139000,7.397561535524052,338,1240,0,1,0,0,0,0,1,0,0,0,0,0,1,0,0,0,0,0,0,0
756,212000,7.477604243197589,578,866,0,0,0,1,0,0,1,0,0,0,0,0,0,1,0,0,0,0,0,0
1077,138800,6.999422467507961,299,1096,1,0,0,0,0,0,0,0,0,0,0,0,1,0,0,0,0,0,0,0
1409,215000,7.646353722445999,542,791,0,0,1,0,0,0,1,0,0,0,0,0,0,1,0,0,0,0,0,0
128,155000,7.206377291472252,453,660,0,1,0,0,0,0,0,0,0,0,0,0,1,0,0,0,0,0,0,0
802,189000,7.283448228756631,410,728,0,0,1,0,0,0,1,0,0,0,0,0,0,1,0,0,0,0,0,0
28,207500,7.3777589082278725,319,1484,1,0,0,0,0,0,0,0,0,0,0,0,1,0,0,0,0,0,0,0
1207,200000,7.438383530044307,544,1682,0,1,0,0,0,0,1,0,0,0,0,0,0,1,0,0,0,0,0,0
882,178000,7.373374309910049,389,808,0,1,0,0,0,0,1,0,0,0,0,0,0,1,0,0,0,0,0,0
510,164900,7.217443431696533,288,1008,1,0,0,0,0,0,0,0,0,0,0,0,1,0,0,0,0,0,0,0
675,148500,7.273092595999522,440,855,0,1,0,0,0,0,1,0,0,0,0,0,0,1,0,0,0,0,0,0
151,372402,7.444248649496705,866,1710,0,0,0,1,0,0,1,0,0,0,0,0,1,0,0,0,0,0,0,0
244,205000,7.6544432264701125,463,948,0,0,1,0,0,0,1,0,0,0,0,0,0,0,1,0,0,0,0,0
714,130500,7.2991214627108,475,725,0,1,0,0,0,0,1,0,0,0,0,0,1,0,0,0,0,0,0,0
543,133000,6.642486801367256,367,723,0,0,1,0,0,0,0,0,0,0,1,0,0,0,0,0,0,0,0,0
544,179665,7.310550158534422,426,654,0,0,1,0,0,0,1,0,0,0,0,0,0,1,0,0,0,0,0,0
639,264561,7.356918242356021,648,1520,0,0,0,1,0,0,1,0,0,0,0,0,0,1,0,0,0,0,0,0
697,123500,7.045776576879511,308,980,1,0,0,0,0,0,0,0,0,0,0,0,1,0,0,0,0,0,0,0
1289,281000,7.585788821732034,753,1085,0,0,0,1,0,0,1,0,0,0,0,0,0,0,1,0,0,0,0,0
423,315000,7.874739125171811,696,1470,0,0,0,1,0,0,1,0,0,0,0,0,0,0,1,0,0,0,0,0
910,154300,7.729295674310482,480,1105,1,0,0,0,0,0,1,0,0,0,0,0,0,0,0,0,1,0,0,0
1171,163000,7.13966033596492,433,1261,0,1,0,0,0,0,0,0,0,0,0,0,1,0,0,0,0,0,0,0
659,167000,7.303843225277705,480,1486,1,0,0,0,0,0,0,0,0,0,0,0,0,1,0,0,0,0,0,0
797,110000,6.650279048587422,240,773,1,0,0,0,0,0,0,0,0,0,1,0,0,0,0,0,0,0,0,0
1435,174000,7.337587743538596,462,1319,0,1,0,0,0,0,0,0,0,0,0,0,0,1,0,0,0,0,0,0
1201,197900,7.483806687665835,546,866,0,0,1,0,0,0,1,0,0,0,0,0,1,0,0,0,0,0,0,0
99,128950,7.110696122978827,0,950,0,0,0,0,0,0,0,0,0,0,0,0,1,0,0,0,0,0,0,0
850,131500,6.742880635791903,420,848,0,1,0,0,0,0,0,0,0,1,0,0,0,0,0,0,0,0,0,0
448,119500,7.226936018493289,198,780,0,1,0,0,0,0,1,0,0,0,0,0,0,1,0,0,0,0,0,0
755,172500,7.293697720601438,440,729,0,1,0,0,0,0,1,0,0,0,0,0,1,0,0,0,0,0,0,0
976,85500,6.767343125265392,0,440,0,0,0,0,0,0,0,0,0,0,1,0,0,0,0,0,0,0,0,0
115,176000,7.284820912568604,440,729,0,1,0,0,0,0,1,0,0,0,0,1,0,0,0,0,0,0,0,0
777,142500,6.795705775173514,440,864,1,0,0,0,0,0,0,0,0,0,0,1,0,0,0,0,0,0,0,0
72,185000,7.4489161025442,427,832,0,0,1,0,0,0,1,0,0,0,0,0,0,1,0,0,0,0,0,0
845,171000,7.438971592395862,611,1390,1,0,0,0,0,0,1,0,0,0,0,0,1,0,0,0,0,0,0,0
537,111250,6.761572768804055,576,864,0,0,0,0,0,0,0,0,0,0,0,1,0,0,0,0,0,0,0,0
849,187000,7.5256399750415355,512,528,0,1,0,0,0,0,1,0,0,0,0,0,0,1,0,0,0,0,0,0
174,184000,7.409136443920128,616,1606,0,1,0,0,0,0,1,0,0,0,0,0,0,1,0,0,0,0,0,0
87,164500,7.1098794630722715,528,612,0,1,0,0,0,0,1,0,0,0,1,0,0,0,0,0,0,0,0,0
551,112500,6.833031732786201,288,928,1,0,0,0,0,0,0,0,0,0,0,1,0,0,0,0,0,0,0,0
314,178000,7.403061091090091,546,728,0,0,1,0,0,0,0,0,0,0,0,0,1,0,0,0,0,0,0,0
1420,179900,7.255591274253665,776,708,0,1,0,0,0,0,1,0,0,0,0,0,0,1,0,0,0,0,0,0
600,275000,7.55171221535131,736,1058,0,0,0,1,0,0,1,0,0,0,0,0,0,0,1,0,0,0,0,0
1094,129000,6.841615476477592,308,936,1,0,0,0,0,0,0,0,0,0,1,0,0,0,0,0,0,0,0,0
599,151000,7.349873704738337,452,716,0,1,0,0,0,0,1,0,0,0,0,0,1,0,0,0,0,0,0,0
277,141000,6.761572768804055,400,864,0,0,0,0,0,0,0,0,0,0,1,0,0,0,0,0,0,0,0,0
1033,230000,7.4109518755836366,900,1654,0,0,1,0,0,0,1,0,0,0,0,0,1,0,0,0,0,0,0,0
1383,112000,7.255591274253665,576,816,1,0,0,0,0,0,1,0,0,0,0,0,0,1,0,0,0,0,0,0
763,337000,7.768533300926033,856,1252,0,0,0,1,0,0,1,0,0,0,0,0,0,0,1,0,0,0,0,0
835,128000,6.9726062513017535,436,1067,0,0,0,0,0,0,1,0,0,0,1,0,0,0,0,0,0,0,0,0
559,234000,7.350516171833998,420,1374,0,0,1,0,0,0,1,0,0,0,0,0,0,1,0,0,0,0,0,0
684,221000,7.516977224604321,486,1195,0,0,1,0,0,0,1,0,0,0,0,0,0,1,0,0,0,0,0,0
